SUMMARY OUTPUT,,,,,,,,
Regression Statistics,,,,,,,,
Multiple R,0.887424791609304,,,,,,,
R Square,0.787522760762817,,,,,,,
Adjusted R Square,0.766275036839099,,,,,,,
Standard Error,0.286120509770362,,,,,,,
Observations,34,,,,,,,
ANOVA,,,,,,,,
,df,SS,MS,F,Significance F,,,
Regression,3,9.1026938136087,3.0342312712029,37.063864515094,3.25505719599822e-10,,,
Residual,30,2.45594838333755,0.0818649461112516,,,,,
Total,33,11.5586421969462,,,,,,
,Coefficients,Standard Error,t Stat,P-value,Lower 95%,Upper 95%,Lower 95.0%,Upper 95.0%
Intercept,9.36339188798181,1.32602976138863,7.06122302879265,7.51659438312508e-08,6.6552806193261,12.0715031566375,6.6552806193261,12.0715031566375
X Variable 1,-0.65049764571397,0.174484925560687,-3.72810226226518,0.000801419236500223,-1.0068430362025,-0.294152255225435,-1.0068430362025,-0.294152255225435
X Variable 2,-1.11818103319735,0.199944111783136,-5.59246793128948,4.37607455659715e-06,-1.5265209649152,-0.709841101479501,-1.5265209649152,-0.709841101479501
X Variable 3,0.163143970268167,0.144568675520762,1.12848768711821,0.268057991195344,-0.132104349695945,0.45839229023228,-0.132104349695945,0.45839229023228
