State,Stock Capital 1988 (millions),CAPTOTTOT (thousands),MNTTOTTOT (thousands),ADM_MISC (thousands),LAW_SAFETY (thousands),INTEREST (thousands),BONDRETIRE (thousands),,,,Cc,Cm,Cl,LRTE,SRTE
Alabama,8905.74,470232,157868,72558,57359,11128,20436,,,0.0515,=1.2*K2*B2*1000,=+D2,=+E2+F2,=+L2+M2+N2,=+M2+N2
Alaska,0,242000,33400,30088,40116,13411,21623,,,0.0515,=1.2*K3*B3*1000,=+D3,=+E3+F3,=+L3+M3+N3,=+M3+N3
Arizona,7955.02,480799,68839,70527,78446,154305,359239,,,0.0525,=1.2*K4*B4*1000,=+D4,=+E4+F4,=+L4+M4+N4,=+M4+N4
Arkansas,4829.36,362332,93412,42524,45163,661,449,,,0.0515,=1.2*K5*B5*1000,=+D5,=+E5+F5,=+L5+M5+N5,=+M5+N5
California,42835.42,2135323,342460,1046908,1182559,58263,35336,,,0.0535,=1.2*K6*B6*1000,=+D6,=+E6+F6,=+L6+M6+N6,=+M6+N6
Colorado,6574.39,341276,125208,52531,96886,43258,63757,,,0.0525,=1.2*K7*B7*1000,=+D7,=+E7+F7,=+L7+M7+N7,=+M7+N7
Connecticut,7236.71,588122,49314,75613,17130,168579,206380,,,0.0515,=1.2*K8*B8*1000,=+D8,=+E8+F8,=+L8+M8+N8,=+M8+N8
Delaware,2112.78,205535,29119,50696,36496,46059,26331,,,0.0495,=1.2*K9*B9*1000,=+D9,=+E9+F9,=+L9+M9+N9,=+M9+N9
Dist.  of  Col.,0,108194,27954,19715,0,73135,46061,,,0.0525,=1.2*K10*B10*1000,=+D10,=+E10+F10,=+L10+M10+N10,=+M10+N10
Florida,19987.9,1684969,197397,428351,271756,232516,153681,,,0.0515,=1.2*K11*B11*1000,=+D11,=+E11+F11,=+L11+M11+N11,=+M11+N11
Georgia,12440.08,737696,163517,113627,127181,46645,300966,,,0.0475,=1.2*K12*B12*1000,=+D12,=+E12+F12,=+L12+M12+N12,=+M12+N12
Hawaii,0,303746,15081,38613,16365,18968,22637,,,0.0515,=1.2*K13*B13*1000,=+D13,=+E13+F13,=+L13+M13+N13,=+M13+N13
Idaho,3010.18,124933,21457,43930,14397,341,545,,,0.0525,=1.2*K14*B14*1000,=+D14,=+E14+F14,=+L14+M14+N14,=+M14+N14
Illinois,28835.59,1469756,256982,260011,126439,129070,115485,,,0.0535,=1.2*K15*B15*1000,=+D15,=+E15+F15,=+L15+M15+N15,=+M15+N15
Indiana,10713.72,635631,189409,195916,41838,52231,12687,,,0.0525,=1.2*K16*B16*1000,=+D16,=+E16+F16,=+L16+M16+N16,=+M16+N16
Iowa,10535.56,412640,58645,95273,66895,23439,53258,,,0.0525,=1.2*K17*B17*1000,=+D17,=+E17+F17,=+L17+M17+N17,=+M17+N17
Kansas,7667.17,433598,89575,183109,275074,44942,142628,,,0.0525,=1.2*K18*B18*1000,=+D18,=+E18+F18,=+L18+M18+N18,=+M18+N18
Kentucky,12137.85,NA,NA,88047,109820,103564,143452,,,0.0515,=1.2*K19*B19*1000,=+D19,=+E19+F19,=+L19+M19+N19,=+M19+N19
Louisiana,13572.38,598835,71494,85661,116970,107470,107504,,,0.0595,=1.2*K20*B20*1000,=+D20,=+E20+F20,=+L20+M20+N20,=+M20+N20
Maine,2547.35,138465,76578,17086,42300,12015,15933,,,0.0515,=1.2*K21*B21*1000,=+D21,=+E21+F21,=+L21+M21+N21,=+M21+N21
Maryland,11768.02,471633,100747,108364,161614,81688,330508,,,0.0475,=1.2*K22*B22*1000,=+D22,=+E22+F22,=+L22+M22+N22,=+M22+N22
Massachusetts,9194.59,NA,NA,214814,177051,174108,245634,,,0.0535,=1.2*K23*B23*1000,=+D23,=+E23+F23,=+L23+M23+N23,=+M23+N23
Michigan,18795.61,561494,94263,205891,201637,35674,44873,,,0.0535,=1.2*K24*B24*1000,=+D24,=+E24+F24,=+L24+M24+N24,=+M24+N24
Minnesota,13417.77,608127,97845,146484,180927,56605,127591,,,0.0495,=1.2*K25*B25*1000,=+D25,=+E25+F25,=+L25+M25+N25,=+M25+N25
Mississippi,6702.66,433576,37830,33114,64869,31566,57622,,,0.0515,=1.2*K26*B26*1000,=+D26,=+E26+F26,=+L26+M26+N26,=+M26+N26
Missouri,11494.67,500132,155672,177283,124228,11715,19421,,,0.0475,=1.2*K27*B27*1000,=+D27,=+E27+F27,=+L27+M27+N27,=+M27+N27
Montana ,4165.41,190349,18401,16843,19424,13958,1723,,,0.0515,=1.2*K28*B28*1000,=+D28,=+E28+F28,=+L28+M28+N28,=+M28+N28
Nebraska,5423.15,272526,36708,43639,42934,15349,27120,,,0.0525,=1.2*K29*B29*1000,=+D29,=+E29+F29,=+L29+M29+N29,=+M29+N29
Nevada,2782.09,NA,NA,23360,24049,12962,16786,,,0.0515,=1.2*K30*B30*1000,=+D30,=+E30+F30,=+L30+M30+N30,=+M30+N30
New  Hampshire,2401.79,171552,58160,96270,46005,21722,4533,,,0.0515,=1.2*K31*B31*1000,=+D31,=+E31+F31,=+L31+M31+N31,=+M31+N31
New  Jersey,15409,1041696,197709,381121,254093,238792,220850,,,0.0495,=1.2*K32*B32*1000,=+D32,=+E32+F32,=+L32+M32+N32,=+M32+N32
New  Mexico,4388.96,316817,52572,65312,26275,2532,2014,,,0.0495,=1.2*K33*B33*1000,=+D33,=+E33+F33,=+L33+M33+N33,=+M33+N33
New  York,37413.16,2205223,287345,616785,283252,586457,409463,,,0.0555,=1.2*K34*B34*1000,=+D34,=+E34+F34,=+L34+M34+N34,=+M34+N34
North  Carolina,10338.95,820790,384228,127094,203642,28870,17703,,,0.0475,=1.2*K35*B35*1000,=+D35,=+E35+F35,=+L35+M35+N35,=+M35+N35
North  Dakota,3129.3,123086,30041,20627,15228,6931,13499,,,0.0515,=1.2*K36*B36*1000,=+D36,=+E36+F36,=+L36+M36+N36,=+M36+N36
Ohio,23735.85,822230,398983,335689,213155,51708,109564,,,0.0515,=1.2*K37*B37*1000,=+D37,=+E37+F37,=+L37+M37+N37,=+M37+N37
Oklahoma,6698.98,333481,85064,191811,41384,56248,85638,,,0.0515,=1.2*K38*B38*1000,=+D38,=+E38+F38,=+L38+M38+N38,=+M38+N38
Oregon,6837.71,317143,136717,64501,73433,14067,24162,,,0.0515,=1.2*K39*B39*1000,=+D39,=+E39+F39,=+L39+M39+N39,=+M39+N39
Pennsylvania,24206.95,1285147,524044,152494,443935,190151,225189,,,0.0535,=1.2*K40*B40*1000,=+D40,=+E40+F40,=+L40+M40+N40,=+M40+N40
Rhode  Island,1980.89,221563,27882,9798,28023,14684,19770,,,0.0535,=1.2*K41*B41*1000,=+D41,=+E41+F41,=+L41+M41+N41,=+M41+N41
South  Carolina,4777.93,406976,127178,52696,86404,917,824,,,0.0475,=1.2*K42*B42*1000,=+D42,=+E42+F42,=+L42+M42+N42,=+M42+N42
South  Dakota,3227.74,189051,31853,21403,30636,843,1813,,,0.0525,=1.2*K43*B43*1000,=+D43,=+E43+F43,=+L43+M43+N43,=+M43+N43
Tennessee,11110.42,569278,180047,84136,59239,6057,16894,,,0.0475,=1.2*K44*B44*1000,=+D44,=+E44+F44,=+L44+M44+N44,=+M44+N44
Texas,36718.22,1978812,659794,473048,804375,351868,246617,,,0.0515,=1.2*K45*B45*1000,=+D45,=+E45+F45,=+L45+M45+N45,=+M45+N45
Utah,4317.48,230994,57500,40831,33745,0,0,,,0.0475,=1.2*K46*B46*1000,=+D46,=+E46+F46,=+L46+M46+N46,=+M46+N46
Vermont,1819.61,109862,9748,15067,21072,2015,5990,,,0.0515,=1.2*K47*B47*1000,=+D47,=+E47+F47,=+L47+M47+N47,=+M47+N47
Virginia,14931.72,625766,429187,143235,168008,99058,190483,,,0.0475,=1.2*K48*B48*1000,=+D48,=+E48+F48,=+L48+M48+N48,=+M48+N48
Washington,12142.25,676259,64302,239299,173064,72751,95899,,,0.0515,=1.2*K49*B49*1000,=+D49,=+E49+F49,=+L49+M49+N49,=+M49+N49
West  Virginia,7562.87,467439,145015,31528,38247,29209,41355,,,0.0535,=1.2*K50*B50*1000,=+D50,=+E50+F50,=+L50+M50+N50,=+M50+N50
Wisconsin,10981.49,650001,73606,128447,261228,72021,135877,,,0.0515,=1.2*K51*B51*1000,=+D51,=+E51+F51,=+L51+M51+N51,=+M51+N51
Wyoming,3571.6,158786,30126,24522,23896,187,1159,,,0.0525,=1.2*K52*B52*1000,=+D52,=+E52+F52,=+L52+M52+N52,=+M52+N52
,,,,,,,,,,=NA(),=1.2*K53*B53*1000,=+D53,=+E53+F53,=+L53+M53+N53,=+M53+N53
Total,=SUM(B2:B52),=SUM(C2:C52),=SUM(D2:D52),=SUM(E2:E52),=SUM(F2:F52),=SUM(G2:G52),=SUM(H2:H52),,,0.0595,=1.2*K54*B54*1000,=+D54,=+E54+F54,=+L54+M54+N54,=+M54+N54
Average,=AVERAGE(B2:B52),=AVERAGE(C2:C52),=AVERAGE(D2:D52),=AVERAGE(E2:E52),=AVERAGE(F2:F52),=AVERAGE(G2:G52),=AVERAGE(H2:H52),,,,,,,,
