,STATE,,YEAR,HIGHWAY,GSP,TOTPUB,PVTCAP,AREA,ROW,TCAP,TMANT,CAPURBINT,CAPURBLOC,CAPURBTOT,MNTURBINT,MNTURBLOC,MNTURBTOT,CAPRURINT,CAPRURLOC,CAPRURTOT,MNTRURINT,MNTRURLOC,MNTRURTOT,CAPTOTINT,CAPTOTLOC,CAPTOTTOT,MNTTOTINT,MNTTOTLOC,MNTTOTTOT,MILRURINT,MILRURLOC,MILRURTOT,MILURBINT,MILURBFWY,MILURBLOC,MILURBTOT,MILTOTTOT,URBMIL+4,URBMIL-4,RURMIL+4,RURMIL-4,RURPASSVEH,RURTRUSING,RURTRUCOM,URBPASSVEH,URBTRUSING,URBTRUCOMB,ALASKA,NEWYORK,CALIFORNIA,SOUTHEAST,MIDWEST,NORTHEAST,VMTRURINT,VMTRURLOC,VMTRURTOT,VMTURBINT,VMTURBFWY,VMTURBLOC,VMTURBTOT,CSTADMHWY,CLOCADMRD,CFEDROAD,CTOTAL,MSTADMHWY,MLOCADMRD,MREDROAD,MTOTAL,ADM_MISC,LAW_SAFETY,INTEREST,BONDRETIRE,TOTALDISB,PGOVSAL93,PGOVSAL94,PBITCONC93,PEXCAV93,PREINFSTL93,PSTRUCTSTL93,PSTRUCCON93,POP90(THSD),SQMILES,POPDENS=LAND,BONDRATE (Moody's)
"""",ALABAMA,"""",1988,8905.74,53547,20204.46,66008.17,52423,41714000,470000000,342000000,125348,77005,202353,7008,87510,94518,29484,238395,267879,7412,55938,63350,154832,315400,470232,14420,143448,157868,602,=+AG2-AE2,72828,297,21,=+AK2-AH2-AI2,19381,=AG2+AK2,43,254,0,602,56,16.9,27.1,72.7,14.3,13,0,0,0,1,0,0,4442,18361,22803,4208,326,18425,22959,372518,42839,974,416331,134450,299897,14,434361,72558,57359,11128,20436,1012173,25028,26376,25.49,1.6,0.419,0.862,217.9,4089,52423,78.0001144535795,  AA
"""",ALASKA,"""",1988,0,0,0,0,0,0,0,0,35459,71217,106676,1369,19907,21276,50659,84665,135324,3744,8380,12124,86118,155882,242000,5113,28287,33400,1003,=+AG3-AE3,12107,54,0,=+AK3-AH3-AI3,1742,=AG3+AK3,10,44,0,1003,57.9,39.7,2.4,85.1,14.2,0.700000000000006,1,0,0,0,0,0,677,1328,2005,450,0,1386,1836,213000,60888,4942,278830,121900,34166,831,156897,30088,40116,13411,21623,540965,37943,38889,31.89,1.89,0.464,1.161,855.03,570,591004,0.964460477424857,  AA
"""",ARIZONA,"""",1988,7955.02,50630,23693.97,48932.84,114006,216000000,1070000000,199000000,48078,229257,277335,=#REF!,=#REF!,=#REF!,66574,136890,203464,NA,=#REF!,NA,114652,366147,480799,NA,=#REF!,68839,987,=+AG4-AE4,39423,202,70,=+AK4-AH4-AI4,16340,=AG4+AK4,54,148,0,987,57.7,26,16.3,58.7,33.2,8.09999999999999,0,0,0,0,0,0,5110,8678,13788,3003,1344,16912,21259,488274,205236,19046,712556,68907,84516,10641,164064,70527,78446,154305,359239,1539137,24995,25906,22.42,5.21,0.354,1.62,206.73,3750,114006,32.8930056312826,   X
"""",ARKANSAS,"""",1988,4829.36,29802,10411.96,34924.26,53182,11366000,307000000,197000000,6623,132474,139097,1387,24221,25608,26357,196878,223235,7154,60650,67804,32980,329352,362332,8541,84871,93412,412,=+AG5-AE5,69597,131,94,=+AK5-AH5-AI5,7595,=AG5+AK5,45,86,3,409,56.5,13.4,30.1,68.8,14.8,16.4,0,0,0,1,0,0,3140,11908,15048,1758,717,5558,8033,325826,72239,868,398933,113232,130379,310,243921,42524,45163,661,449,731651,22793,23336,26.28,1.31,0.544,0.674,259.97,2372,53182,44.6015569177541,  AA
"""",CALIFORNIA,"""",1988,42835.42,528674,145321.6,400653.1,163707,244000000,2220000000,1560000000,513828,881208,1395036,51921,80647,132568,61578,678709,740287,44901,164991,209892,575406,1559917,2135323,96822,245638,342460,1356,=+AG6-AE6,88140,1067,1393,=+AK6-AH6-AI6,81061,=AG6+AK6,940,127,286,1070,69.3,17.2,13.5,86.2,11,2.8,0,0,1,0,0,0,14322,37875,52197,52566,42332,115453,210351,2089004,1700434,15983,3805421,511977,1474922,1685,1988584,1046908,1182559,58263,35336,8117071,33080,33795,28.79,3.15,0.414,1.07,256.86,30380,163707,185.575448820148,  A1
"""",COLORADO,"""",1988,6574.39,52117,20639.31,51304.57,104100,34119000,536000000,312000000,92615,88050,180665,7308,36948,44256,80658,79953,160611,18067,62885,80952,173273,168003,341276,25375,99833,125208,768,=+AG7-AE7,65818,186,216,=+AK7-AH7-AI7,12903,=AG7+AK7,62,124,21,747,79.3,5.3,15.4,92.7,3.9,3.4,0,0,0,0,0,0,3661,8913,12574,3793,2406,12035,18234,386491,179430,3453,569374,128060,236345,921,365326,52531,96886,43258,63757,1191132,27380,28148,28.35,2.48,0.362,0.79,201.17,3377,104091,32.4427664255315,   X
"""",CONNECTICUT,"""",1988,7236.71,70125,17871.09,46318.68,5544,20418000,537000000,259000000,183530,329367,512897,3246,26674,29920,30305,44920,75225,1366,18028,19394,213835,374287,588122,4612,44702,49314,101,=+AG8-AE8,8814,242,197,=+AK8-AH8-AI8,11543,=AG8+AK8,168,74,22,79,79.5,13.1,7.4,83.2,12,4.8,0,0,0,0,0,1,1357,4711,6068,6758,2623,11010,20391,691154,70521,0,761675,60753,156338,0,217091,75613,17130,168579,206380,1446468,35320,36143,32.4,5.33,0.631,0.887,336.99,3291,5544,593.614718614719,  AA
"""",DELAWARE,"""",1988,2112.78,11427,4681.46,12209.28,2489,22363000,157000000,49904000,22297,87042,109339,3083,25363,28446,0,96196,96196,0,673,673,22297,183238,205535,3083,26036,29119,0,=+AG9-AE9,3675,41,9,=+AK9-AH9-AI9,1869,=AG9+AK9,30,11,0,0,100,0,0,63.5,25.2,11.3,0,0,0,1,0,0,0,2685,2685,989,38,3180,4207,193959,3375,14559,211893,55562,8148,0,63710,50696,36496,46059,26331,435185,28593,29298,26.85,3.4,0.632,0.632,261.13,680,2489,273.202089192447, AA1
"""",DISTRICT_OF_COL,"""",0,0,0,0,0,0,0,0,0,21573,86621,108194,1848,26106,27954,0,0,0,0,0,0,21573,86621,108194,1848,26106,27954,0,=+AG10-AE10,0,14,19,=+AK10-AH10-AI10,1107,=AG10+AK10,10,4,0,0,100,0,0,97.1,2.6,0.300000000000006,0,0,0,1,0,0,0,0,0,469,393,2700,3562,0,101042,5176,106218,0,28524,12,28536,19715,0,73135,46061,273665,43855,46872,54.49,10.13,0.488,0.898,616,598,67,8925.37313432836,   X
"""",FLORIDA,"""",1988,19987.9,170213,59950.37,154057.4,65758,247000000,1880000000,801000000,225241,864268,1089509,3581,111397,114978,94234,501226,595460,8772,73647,82419,319475,1365494,1684969,12353,185044,197397,1019,=+AG11-AE11,63630,424,284,=+AK11-AH11-AI11,49178,=AG11+AK11,205,219,100,919,74.8,11.9,13.3,82.3,11.7,6,0,0,0,1,0,0,10183,24818,35001,12034,4319,68514,84867,1440203,681642,682,2122527,282812,366381,312,649505,428351,271756,232516,153681,3858336,27116,27315,19.02,2.51,0.377,0.66,320.1,13277,65758,201.906992305119,  AA
"""",GEORGIA,"""",1988,12440.08,99059,34290.46,93342.2,59441,77468000,741000000,530000000,169131,255256,424387,6644,44293,50937,56115,257194,313309,6110,106470,112580,225246,512450,737696,12754,150763,163517,809,=+AG12-AE12,84605,434,167,=+AK12-AH12-AI12,26274,=AG12+AK12,271,163,115,694,61.1,19.3,19.6,66.7,24.9,8.4,0,0,0,1,0,0,8419,23753,32172,11889,1646,32197,45732,699149,174244,724,874117,185909,260614,15,446538,113627,127181,46645,300966,1909074,24431,24890,30.47,2.14,0.399,0.868,308.24,6623,59441,111.421409464848, AAA
"""",HAWAII,"""",0,0,0,0,0,0,0,0,0,191402,39912,231314,1960,4246,6206,20447,51985,72432,700,8175,8875,211849,91897,303746,2660,12421,15081,0,=+AG13-AE13,2307,44,53,=+AK13-AH13-AI13,1799,=AG13+AK13,38,6,0,0,100,0,0,79.3,20.1,0.600000000000001,0,0,0,0,0,0,0,2148,2148,1533,804,3581,5918,316797,23410,263,340470,19793,50294,0,70087,38613,16365,18968,22637,507140,30420,31136,65.14,18.58,0.585,0.585,616.43,1135,6470,175.425038639876,  AA
"""",IDAHO,"""",1988,3010.18,12432,5118.46,14216.9,83574,5106000,186000000,116000000,762,7891,8653,346,824,1170,41236,75044,116280,2307,17980,20287,41998,82935,124933,2653,18804,21457,532,=+AG14-AE14,55419,79,0,=+AK14-AH14-AI14,3416,=AG14+AK14,2,77,0,532,47.8,31.5,20.7,61,31.3,7.7,0,0,0,0,0,0,1667,5540,7207,741,0,2816,3557,111528,42830,6609,160967,49296,84059,1212,134567,43930,14397,341,545,354747,22276,23261,21.82,2.79,0.482,0.714,242.58,1039,83574,12.4320961064446,   X
"""",ILLINOIS,"""",1988,28835.59,200874,66247.07,179351,57918,45186000,1580000000,810000000,365359,334974,700333,36813,124266,161079,212843,556580,769423,21476,74427,95903,578202,891554,1469756,58289,198693,256982,1421,=+AG15-AE15,101784,630,80,=+AK15-AH15-AI15,35181,=AG15+AK15,311,319,28,1393,64.7,12.8,22.5,78.1,14.9,7.00000000000001,0,0,0,0,1,0,8428,19826,28254,14447,1047,43894,59388,1443338,507931,56,1951325,291073,701587,490,993150,260011,126439,129070,115485,3575480,29712,30507,29.97,4.26,0.605,0.868,387.64,11543,57918,199.299008943679,  A1
"""",INDIANA,"""",1988,10713.72,82918,25296.76,93894.82,36420,15829000,538000000,413000000,92677,234936,327613,8989,26980,35969,130626,177392,308018,38619,114821,153440,223303,412328,635631,47608,141801,189409,825,=+AG16-AE16,73112,313,135,=+AK16-AH16-AI16,19262,=AG16+AK16,127,186,37,788,59.2,16.3,24.5,68.7,16.8,14.5,0,0,0,0,1,0,6646,22606,29252,5537,774,21509,27820,567006,218588,0,785594,201342,214625,510,416477,195916,41838,52231,12687,1504743,25309,25876,22.9,6.97,0.474,0.811,295.89,5610,36420,154.036243822076,   X
"""",IOWA,"""",1988,10535.56,40546,18590.01,45936.2,56276,14834000,451000000,357000000,43819,76501,120320,3325,5805,9130,72276,220044,292320,12509,37006,49515,116095,296545,412640,15834,42811,58645,636,=+AG17-AE17,103490,147,0,=+AK17-AH17-AI17,9218,=AG17+AK17,45,102,30,606,58.5,13.3,28.2,71.8,12.9,15.3,0,0,0,0,1,0,3406,11958,15364,1554,0,7008,8562,400691,225814,9,626514,100801,317012,25,417838,95273,66895,23439,53258,1283217,24183,24735,22.93,2.17,0.43,0.782,242.23,2795,56276,49.6659321913427,   X
"""",KANSAS,"""",1988,7667.17,39640,15429.52,52841.45,82282,5351000,324000000,334000000,42397,72203,114600,14987,16041,31028,34629,284369,318998,17531,41016,58547,77026,356572,433598,32518,57057,89575,698,=+AG18-AE18,123676,173,128,=+AK18-AH18-AI18,9580,=AG18+AK18,73,100,0,698,62.8,18,19.2,69.1,25.5,5.40000000000001,0,0,0,0,1,0,2573,10317,12890,2233,905,8135,11273,352267,112971,2,465240,81227,195447,490,277164,183109,275074,44942,142628,1388157,22923,23243,24.42,2.15,0.553,0.755,279.65,2495,82282,30.3225492817384,   X
"""",KENTUCKY,"""",1988,12137.85,52388,21031.07,55668.5,40411,29127000,643000000,222000000,=#REF!,=#REF!,=#REF!,=#REF!,=#REF!,=#REF!,"""NA",=#REF!,NA,NA,=#REF!,NA,"""NA",=#REF!,NA,NA,=#REF!,NA,540,=+AG19-AE19,62493,221,93,=+AK19-AH19-AI19,10139,=AG19+AK19,85,136,27,513,55.1,23.9,21,68,25.4,6.6,0,0,0,1,0,0,4737,16656,21393,4384,559,11726,16669,683377,157425,2502,843304,152045,111117,41,263203,88047,109820,103564,143452,1551390,23908,24444,28.41,7.43,0.513,0.792,307.8,3713,40411,91.8809235109252,  AA
"""",LOUISIANA,"""",1988,13572.38,72105,27147.89,129066.9,51843,64882000,591000000,188000000,94588,238373,332961,2688,7909,10597,56281,209593,265874,1136,59761,60897,150869,447966,598835,3824,67670,71494,608,=+AG20-AE20,45833,263,45,=+AK20-AH20-AI20,13766,=AG20+AK20,87,176,7,601,57,27.1,15.9,63.8,25,11.2,0,0,0,1,0,0,4197,12860,17057,3847,488,12463,16798,650766,154691,104,805561,59191,194618,210,254019,85661,116970,107470,107504,1477185,22383,22775,28.62,5.79,0.325,0.685,215.76,4252,51843,82.0168585922883,BAA1
"""",MAINE,"""",1988,2547.35,17896,5147.52,15292.81,35387,2722000,117000000,176000000,4420,50380,54800,363,7371,7734,22864,60801,83665,18472,50372,68844,27284,111181,138465,18835,57743,76578,312,=+AG21-AE21,19927,54,17,=+AK21-AH21-AI21,2583,=AG21+AK21,1,53,13,299,62.5,26.1,11.4,74.7,22,3.3,0,0,0,0,0,1,1725,7239,8964,480,95,2612,3187,143850,15420,446,159716,114900,98260,153,213313,17086,42300,12015,15933,460363,24466,25076,24.53,4.24,0.811,0.806,300.09,1235,35387,34.8998219685195,  AA
"""",MARYLAND,"""",1988,11768.02,73671,31062.85,56167.54,12407,105000000,1020000000,296000000,79085,154176,233261,6980,84597,91577,113671,124701,238372,6588,2582,9170,192756,278877,471633,13568,87179,100747,227,=+AG22-AE22,15642,255,224,=+AK22-AH22-AI22,13671,=AG22+AK22,187,68,123,104,63.7,17.2,19.1,65.3,33.5,1.2,0,0,0,1,0,0,2913,9889,12802,9086,3406,16602,29094,511583,232055,14907,758545,149131,200106,0,349237,108364,161614,81688,330508,1789956,32930,34052,26.2,2.48,0.505,0.808,286.69,4860,12407,391.71435479971, AAA
"""",MASSACHUSETTS,"""",1988,9194.59,116523,32265.09,80736.98,10555,48478000,857000000,400000000,=#REF!,=#REF!,=#REF!,=#REF!,=#REF!,=#REF!,NA,=#REF!,NA,NA,=#REF!,NA,NA,=#REF!,NA,NA,=#REF!,NA,162,=+AG23-AE23,10927,403,199,=+AK23-AH23-AI23,19636,=AG23+AK23,323,80,59,103,74.8,15.5,9.7,85.4,11,3.59999999999999,0,0,0,0,0,1,2176,6615,8791,10733,4490,23334,38557,871763,141997,40,1013800,146150,244043,0,390193,214814,177051,174108,245634,2215600,31609,33039,28.96,3.17,0.719,0.683,93.8,5996,10555,568.072003789673,  A1
"""",MICHIGAN,"""",1988,18795.61,145444,49760.76,137614.7,96810,27093000,670000000,741000000,261891,64799,326690,44295,9639,53934,71861,162943,234804,13758,26571,40329,333752,227742,561494,58053,36210,94263,741,=+AG24-AE24,89485,499,221,=+AK24-AH24-AI24,28174,=AG24+AK24,301,198,92,649,72.2,18.6,9.2,72.7,19.5,7.8,0,0,0,0,1,0,5614,25620,31234,12601,3965,36419,52985,546839,276700,31,823570,138763,642977,300,782040,205891,201637,35674,44873,2093685,30074,30740,26.64,3.23,0.557,1.1,268.24,9368,96810,96.7668629273835,  A1
"""",MINNESOTA,"""",1988,13417.77,73407,30670.27,66077.3,86943,50735000,982000000,493000000,75321,372047,447368,6115,34480,40595,14920,145839,160759,5342,51908,57250,90241,517886,608127,11457,86388,97845,681,=+AG25-AE25,115073,233,130,=+AK25-AH25-AI25,14886,=AG25+AK25,106,127,20,661,76.4,12.7,10.9,83.1,12.5,4.40000000000001,0,0,0,0,1,0,3201,16769,19970,5320,2216,13656,21192,587390,689936,163,1277489,144894,395181,1508,541583,146484,180927,56605,127591,2330679,28052,28807,19.28,1.58,0.447,0.825,150.76,4432,86943,50.9759267566107, AA1
"""",MISSISSIPPI,"""",1988,6702.66,31247,12439.9,35823.48,48434,16691000,353000000,241000000,29423,91401,120824,770,2241,3011,33549,279203,312752,3231,31588,34819,62972,370604,433576,4001,33829,37830,558,=+AG26-AE26,64930,127,40,=+AK26-AH26-AI26,7904,=AG26+AK26,0,127,0,558,63.9,17.2,18.9,68.1,16.3,15.6,0,0,0,1,0,0,2951,14570,17521,1383,185,7150,8718,332638,119737,3341,455716,54704,188186,591,243481,33114,64869,31566,57622,886368,20777,21643,29.17,1.65,0.334,0.74,211.04,2592,48434,53.5161250361316,  AA
"""",MISSOURI,"""",1988,11494.67,77844,24607.52,75102.29,69709,24073000,537000000,424000000,77983,107018,185001,22339,13394,35733,60904,254227,315131,16829,103110,119939,138887,361245,500132,39168,116504,155672,812,=+AG27-AE27,105637,366,276,=+AK27-AH27-AI27,16150,=AG27+AK27,210,156,5,807,63.7,12,24.3,80.2,14.6,5.2,0,0,0,0,1,0,5504,19464,24968,8497,2326,17463,28286,464531,199354,1342,665227,210439,222712,8,433159,177283,124228,11715,19421,1431033,24807,25475,23.54,2.57,0.606,0.771,317.83,5158,69709,73.9933150669211, AAA
"""",MONTANA,"""",1988,4165.41,10336,6209.03,19331.31,147046,12105000,236000000,75017000,4706,35328,40034,485,2123,2608,33598,116717,150315,3520,12273,15793,38304,152045,190349,4005,14396,18401,1137,=+AG28-AE28,67388,53,0,=+AK28-AH28-AI28,2380,=AG28+AK28,0,53,0,1137,53.1,31.6,15.3,67.5,22.9,9.6,0,0,0,0,0,0,1928,4574,6502,184,0,1839,2023,191070,57652,9217,257939,42087,21356,4178,67621,16843,19424,13958,1723,377508,23744,24180,23.74,3.21,0.513,0.655,238.51,808,147046,5.49487915346218,  AA
"""",NEBRASKA,"""",1988,5423.15,23621,14873.69,29966.97,77358,9036000,289000000,160000000,25688,33785,59473,469,7711,8180,35102,177951,213053,3277,25251,28528,60790,211736,272526,3746,32962,36708,437,=+AG29-AE29,87648,44,11,=+AK29-AH29-AI29,5054,=AG29+AK29,11,33,0,437,50.3,23.6,26.1,68.8,25.5,5.7,0,0,0,0,1,0,1994,6966,8960,734,93,4834,5661,244117,192494,34598,471209,51993,126578,444,179015,43639,42934,15349,27120,779266,23214,23698,22.21,2.03,0.781,0.635,304.88,1593,77355,20.5933682373473,   X
"""",NEVADA,"""",1988,2782.09,19384,6537.47,25760.58,110567,12154000,188000000,76017000,=#REF!,=#REF!,=#REF!,=#REF!,=#REF!,=#REF!,NA,=#REF!,NA,NA,=#REF!,NA,NA,=#REF!,NA,NA,=#REF!,NA,480,=+AG30-AE30,41181,65,32,=+AK30-AH30-AI30,4597,=AG30+AK30,20,45,0,480,59.5,14.3,26.2,811,13.2,5.70000000000001,0,0,0,0,0,0,1522,2957,4479,1147,579,4692,6418,168487,10557,2640,181684,58785,14637,1048,74470,23360,24049,12962,16786,333311,30929,31617,20.67,3.33,0.478,0.994,236.94,1284,110567,11.612868215652,  AA
"""",NEW_HAMPSHIRE,"""",1988,2401.79,20324,4541.76,13374.03,9351,12158000,117000000,146000000,12430,58654,71084,555,9422,9977,39037,61431,100468,3699,44484,48183,51467,120085,171552,4254,53906,58160,176,=+AG31-AE31,12069,48,40,=+AK31-AH31-AI31,2869,=AG31+AK31,13,35,21,155,74.5,21.8,3.7,69.3,27,3.7,0,0,0,0,0,1,1330,5025,6355,712,448,2552,3712,86815,37694,0,124509,98469,66752,106,165327,96270,46005,21722,4533,458366,26304,27116,26.4,3.09,0.482,1.115,209.89,1105,9351,118.16917976687,  AA
"""",NEW_JERSEY,"""",1988,15409,155077,37458.49,111049,8722,70674000,691000000,537000000,498494,436924,935418,38105,129416,167521,10398,95880,106278,4801,25387,30188,508892,532804,1041696,42906,154803,197709,113,=+AG32-AE32,11068,300,306,=+AK32-AH32-AI32,24029,=AG32+AK32,246,54,56,57,72.5,16.3,11.2,74.4,17.7,7.9,0,0,0,0,0,1,2124,9726,11850,8110,5734,33716,47560,1250419,100871,0,1351290,358862,342765,0,701627,381121,254093,238792,220850,3147773,35532,37039,27.28,7.11,0.75,1.175,320.62,7760,8722,889.704196285256, AA1
"""",NEW_MEXICO,"""",1988,4388.96,21618,9192.05,29698.23,121598,15861000,258000000,111000000,27850,49279,77129,=#REF!,=#REF!,=#REF!,63130,176558,239688,NA,=#REF!,NA,90980,225837,316817,NA,=#REF!,52572,907,=+AG33-AE33,54961,91,3,=+AK33-AH33-AI33,5851,=AG33+AK33,26,65,10,897,63.6,15.3,21.1,66,14.7,19.3,0,0,0,0,0,0,3659,7989,11648,1202,2,5600,6804,245616,38902,6033,290551,63812,38326,5674,107812,65312,26275,2532,2014,494496,25083,26013,22.47,2.68,0.592,2.241,298.37,1548,121598,12.7304725406668, AA1
"""",NEW_YORK,"""",1988,37413.16,334914,136677.7,234991.6,54475,26813000,2000000000,1740000000,659716,1156753,1816469,6566,139131,145697,308954,79800,388754,104087,37561,141648,968670,1236553,2205223,110653,176692,287345,797,=+AG34-AE34,72589,703,857,=+AK34-AH34-AI34,39293,=AG34+AK34,385,318,52,745,69.5,16.3,14.2,77.4,17.2,5.4,0,1,0,0,0,1,5381,24961,30342,14475,14327,50737,79539,1172069,1220310,176,2392555,606776,1839465,200,2446441,616785,283252,586457,409463,6734953,33575,34776,29.27,4.76,0.727,0.978,426.54,18058,54475,331.491509866911,   A
"""",NORTH_CAROLINA,"""",1988,10338.95,96632,27589.03,92268.96,53821,78438000,648000000,451000000,64284,356506,420790,2913,285614,288527,95113,304887,400000,8739,86962,95701,159397,661393,820790,11652,372576,384228,633,=+AG35-AE35,74305,337,260,=+AK35-AH35-AI35,21723,=AG35+AK35,87,250,18,615,70.9,7.1,22,74.5,14.3,11.2,0,0,0,1,0,0,6237,27529,33766,6050,2464,25258,33772,772594,127328,10329,910251,362139,86571,1044,449754,127094,203642,28870,17703,1737314,24581,25105,25.82,1.92,0.448,0.826,250.09,6737,53821,125.174188513777, AAA
"""",NORTH_DAKOTA,"""",1988,3129.3,8601,5019.72,20859.28,70704,1181000,144000000,89492000,12595,38445,51040,244,1285,1529,19318,52728,72046,3279,25233,28512,31913,91173,123086,3523,26518,30041,531,=+AG36-AE36,84909,40,0,=+AK36-AH36-AI36,1818,=AG36+AK36,3,37,0,531,64.6,21.1,14.3,73.3,19.6,7.1,0,0,0,0,0,0,1012,3485,4497,188,0,1387,1575,93070,45587,15,138672,34178,50244,2185,86607,20627,15228,6931,13499,281564,21716,22248,53.34,1.02,0.581,2.157,328.51,635,70704,8.98110432224485,  AA
"""",OHIO,"""",1988,23735.85,170707,56826.91,152935.7,44828,29341000,1030000000,693000000,221034,317734,538768,18514,67884,86398,87218,196244,283462,27324,285261,312585,308252,513978,822230,45838,353145,398983,847,=+AG37-AE37,82255,726,381,=+AK37-AH37-AI37,31568,=AG37+AK37,212,514,15,832,67.2,12.6,20.2,79.7,12.2,8.1,0,0,0,0,1,0,8276,29153,37429,15929,3608,38255,57792,679950,401989,211,1082150,460687,504058,23,964768,335689,213155,51708,109564,2757034,27157,27951,22.5,3.66,0.467,0.704,269.34,10939,44828,244.021593646828,  AA
"""",OKLAHOMA,"""",1988,6698.98,45128,16765.62,64872.43,69903,9097000,453000000,270000000,49705,155221,204926,2411,5119,7530,13592,114963,128555,3148,74386,77534,63297,270184,333481,5559,79505,85064,715,=+AG38-AE38,99673,214,136,=+AK38-AH38-AI38,12794,=AG38+AK38,72,142,0,715,62.8,18,19.2,69.1,25.5,5.40000000000001,0,0,0,0,0,0,3705,13662,17367,3365,1831,12556,17752,320609,113422,4000,438031,88492,117914,17,206423,191811,41384,56248,85638,1019535,23145,23594,27.52,2.16,0.467,1.126,213.21,3175,69903,45.4200821137862,  AA
"""",OREGON,"""",1988,6837.71,39101,16140.43,40897.2,98386,22951000,427000000,244000000,20270,141847,162117,9788,49226,59014,36947,118079,155026,18564,59139,77703,57217,259926,317143,28352,108365,136717,581,=+AG39-AE39,86008,146,53,=+AK39-AH39-AI39,10028,=AG39+AK39,58,88,21,560,54.3,29.5,16.2,65.5,28.9,5.6,0,0,0,0,0,0,3812,11724,15536,2966,971,8453,12390,335881,201205,10798,547884,120773,168155,7523,296451,64501,73433,14067,24162,1020498,27778,28609,27.54,7.14,0.456,0.665,252.68,2922,98386,29.6993474681357,  AA
"""",PENNSYLVANIA,"""",1988,24206.95,177793,59912.6,162151.9,46058,62654000,1500000000,1080000000,315428,409182,724610,12640,342892,355532,295404,265133,560537,43941,124571,168512,610832,674315,1285147,56581,467463,524044,1079,=+AG40-AE40,84422,509,485,=+AK40-AH40-AI40,32616,=AG40+AK40,111,398,18,1061,60.5,16.5,23,73.8,16.2,10,0,0,0,0,0,1,7381,29968,37349,8839,4656,38356,51851,1223271,125258,268,1348797,764351,744656,85,1509092,152494,443935,190151,225189,3869658,29870,30653,30.46,3.7,0.634,0.998,317.11,11961,46058,259.694298493204,  A1
"""",RHODE_ISLAND,"""",1988,1980.89,14517,4332.13,9424.25,1545,5917000,168000000,26137000,24216,172300,196516,4785,16366,21151,4734,20313,25047,2051,4680,6731,28950,192613,221563,6836,21046,27882,21,=+AG41-AE41,1334,49,68,=+AK41-AH41-AI41,4723,=AG41+AK41,33,16,0,21,74.8,16.9,8.3,79.9,14,6.09999999999999,0,0,0,0,0,1,278,851,1129,1407,601,4422,6430,136323,4040,0,140363,23710,17136,6,40852,9798,28023,14684,19770,253490,31024,31778,31.17,3.35,0.483,0.885,247.97,1004,1545,649.838187702265,  A1
"""",SOUTH_CAROLINA,"""",1988,4777.93,44895,14869.23,52312.05,32007,18495000,335000000,195000000,32565,150992,183557,85,111198,111283,25330,198089,223419,0,15895,15895,57895,349081,406976,85,127093,127178,668,=+AG42-AE42,53637,142,70,=+AK42-AH42-AI42,10521,=AG42+AK42,51,91,16,652,70.6,10.6,18.8,76.6,12.1,11.3,0,0,0,1,0,0,5945,15168,21113,2427,589,10920,13936,332967,31128,28,364123,156266,43893,40,200199,52696,86404,917,824,705163,24142,24336,24.89,2.66,0.443,0.851,218.8,3560,32007,111.225669384822, AAA
"""",SOUTH_DAKOTA,"""",1988,3227.74,8284,5421.95,11763.85,77121,2352000,173000000,89132000,8696,46384,55080,648,1537,2185,22248,111723,133971,5088,24580,29668,30944,158107,189051,5736,26117,31853,631,=+AG43-AE43,81445,47,3,=+AK43-AH43-AI43,1860,=AG43+AK43,0,47,0,631,72.9,16.4,10.7,80.6,16.9,2.50000000000001,0,0,0,0,0,0,1354,4324,5678,229,17,1294,1540,159816,68946,1516,230278,33371,68300,3757,105428,21403,30636,843,1813,390401,21562,22336,12.8,1.22,0.47,0.47,204.59,703,77121,9.11554570091155,   X
"""",TENNESSEE,"""",1988,11110.42,72003,26911.07,71707.9,42146,38611000,724000000,352000000,79292,109327,188619,18005,27009,45014,37419,343240,380659,27008,108025,135033,116711,452567,569278,45013,135034,180047,740,=+AG44-AE44,68516,322,114,=+AK44-AH44-AI44,16521,=AG44+AK44,141,181,25,715,65,13.9,21.1,69.9,20.5,9.59999999999999,0,0,0,1,0,0,6603,15998,22601,6473,871,20049,27393,613158,106790,5777,725725,192392,225319,70,417781,84136,59239,6057,16894,1309832,24812,25975,22.78,1.93,0.443,0.834,220.25,4953,42146,117.520049352252, AAA
"""",TEXAS,"""",1988,36718.22,289009,94351.33,369738.5,268601,143000000,2980000000,1180000000,299955,715039,1014994,34146,107606,141752,156428,807390,963818,162540,355502,518042,456383,1522429,1978812,196686,463108,659794,2203,=+AG45-AE45,215010,1031,1212,=+AK45-AH45-AI45,79132,=AG45+AK45,555,476,45,2158,60.5,20.4,19.1,73.2,19.8,7,0,0,0,1,0,0,12612,44556,57168,23998,15234,66929,106161,1701015,578592,3282,2282889,564131,898897,67,1463095,473048,804375,351868,246617,5621892,24957,25297,31.76,2.66,0.322,0.748,221.41,17349,268601,64.5902286290818,  AA
"""",UTAH,"""",1988,4317.48,22374,12235.57,23711.81,84904,2650000,269000000,120000000,47041,69962,117003,13300,11140,24440,36446,77545,113991,12500,20560,33060,83487,147507,230994,25800,31700,57500,769,=+AG46-AE46,34402,168,9,=+AK46-AH46-AI46,6106,=AG46+AK46,111,57,17,752,60.6,21.6,17.8,73.6,20.7,5.70000000000001,0,0,0,0,0,0,2309,3633,5942,3321,90,6954,10365,182428,68600,5782,256810,59893,72110,1471,133474,40831,33745,0,0,464860,24221,25060,24.44,2.63,0.466,1.481,208.36,1770,84904,20.8470743427872, AAA
"""",VERMONT,"""",1988,1819.61,8834,2951.11,7667.97,9615,2032000,82864000,83575000,1240,46248,47488,195,743,938,13511,48863,62374,1432,7378,8810,14751,95111,109862,1627,8121,9748,280,=+AG47-AE47,12842,40,20,=+AK47-AH47-AI47,1324,=AG47+AK47,0,40,0,280,80.1,14.8,5.10000000000001,79.7,16,4.3,0,0,0,0,0,1,1011,3304,4315,284,51,1369,1704,87148,36942,0,124090,36024,54112,15,90151,15067,21072,2015,5990,258385,24989,25253,32.83,2.13,0.491,0.82,263.2,567,9615,58.9703588143526,  AA
"""",VIRGINIA,"""",1988,14931.72,99942,29694.37,79632.23,42769,140000000,1110000000,602000000,60013,336862,396875,34331,171618,205949,46316,182575,228891,66071,157167,223238,106329,519437,625766,100402,328785,429187,788,=+AG48-AE48,52848,318,194,=+AK48-AH48-AI48,15581,=AG48+AK48,138,180,118,670,68.8,16.6,14.6,78.1,16.6,5.3,0,0,0,1,0,0,7511,22259,29770,8174,2263,23240,33677,649972,202473,8895,861340,468402,187345,30,655777,143235,168008,99058,190483,2117901,29028,29528,25.33,2.72,0.495,0.795,269.71,6286,42769,146.975613177769, AAA
"""",WASHINGTON,"""",1988,12142.25,71593,41994.39,72362.78,71303,30019000,689000000,348000000,222494,192792,415286,9553,21089,30642,26177,234796,260973,7031,26629,33660,248671,427588,676259,16584,47718,64302,501,=+AG49-AE49,62210,262,302,=+AK49-AH49-AI49,17218,=AG49+AK49,158,104,96,405,64.9,24.6,10.5,70,25.6,4.4,0,0,0,0,0,0,3563,13129,16692,8350,3841,20503,32694,501683,332102,3923,837708,193795,267382,2431,463608,239299,173064,72751,95899,1882329,29721,30132,28.29,2.37,0.524,0.976,306.82,5018,71303,70.3757205166683,  AA
"""",WEST_VIRGINIA,"""",1988,7562.87,23738,10902.86,37422.09,24231,9978000,258000000,193000000,18925,120989,139914,5204,59219,64423,37245,290280,327525,15215,65377,80592,56170,411269,467439,20419,124596,145015,456,=+AG50-AE50,31908,94,9,=+AK50-AH50-AI50,3137,=AG50+AK50,9,85,23,433,70.1,12.9,17,72.9,15,12.1,0,0,0,1,0,0,2979,8853,11832,1169,414,3063,4646,356770,13858,134,370762,161301,48540,41,209882,31528,38247,29209,41355,720983,23614,23939,26.51,3.04,0.535,0.961,305.65,1801,24231,74.3262762576864,  A1
"""",WISCONSIN,"""",1988,10981.49,75299,26585.22,65617.75,65503,2703000,611000000,470000000,26875,205270,232145,1390,9528,10918,36422,381434,417856,4988,57700,62688,63297,586704,650001,6378,67228,73606,495,=+AG51-AE51,95387,143,178,=+AK51-AH51-AI51,15591,=AG51+AK51,56,87,50,445,77,9.7,13.3,76.5,14.2,9.3,0,0,0,0,1,0,4236,20781,25017,2988,2216,17407,22611,626822,384652,1,1011475,116788,423045,1569,541402,128447,261228,72021,135877,2150450,27228,27826,2.08,1.65,0.44,1.083,171.78,4955,65503,75.6453902874678,  AA
"""",WYOMING,"""",1988,3571.6,10511,6117.12,24963.6,97818,2105000,183000000,81656000,2778,22867,25645,791,1731,2522,39675,93466,133141,5815,21789,27604,42453,116333,158786,6606,23520,30126,827,=+AG52-AE52,35256,87,3,=+AK52-AH52-AI52,2386,=AG52+AK52,0,87,0,827,41.2,24.4,34.4,55.1,34.7,10.2,0,0,0,0,0,0,1746,2858,4604,261,8,1344,1613,127015,34114,12506,173635,52018,34989,900,87907,24522,23896,187,1159,311306,23275,23522,18.08,1.26,0.555,0.555,268,460,97818,4.70261097139586,   X
