State,LRMC-Auto ($/mi),LRMC-Comb,LRMC-Sing,LRMC-Truck,,State,SRMC-Auto,SRMC-Comb,SRMC-Sing,SRMC-Truck,LRTE,SRTE,"LRTE = 71,682 Nl 0.183 Nw -0.643 Pk 1.92 Pl  1.176 Pm 0.0445 Ya 0.450 Yc 0.103 Ys 0.149",SRTE = 73.99 Nl 0.126 Nw -0.326 Pk 0.473 Pl  0.605 Pm -0.0271 Ya 0.685 Yc 0.00271 Ys 0.193,Nl,Nw,Pk,Pl,Pm,Ya,Yc,Ys
Alabama,=79221*($R2^1.83)*($S2^0.786)*($T2^0.00492)*0.439*($U2^-0.561)*($V2^0.225)*($W2^0.179)/1000,=79221*($R2^1.83)*($S2^0.786)*($T2^0.00492)*($U2^0.439)*0.225*($V2^-0.775)*($W2^0.179)/1000,=79221*($R2^1.83)*($S2^0.786)*($T2^0.00492)*($U2^0.439)*($V2^0.225)*0.179*($W2^-0.821)/1000,=(C2*V2+D2*W2)/(V2+W2),,Alabama,=73.99*($P2^0.126)*($Q2^-0.326)*($R2^0.473)*($S2^0.605)*($T2^-0.0271)*0.685*($U2^-0.315)*($V2^0.00271)*($W2^0.193)/1000,=73.99*($P2^0.126)*($Q2^-0.326)*($R2^0.473)*($S2^0.605)*($T2^-0.0271)*($U2^0.685)*0.00271*($V2^-0.997)*($W2^0.193)/1000,=73.99*($P2^0.126)*($Q2^-0.326)*($R2^0.473)*($S2^0.605)*($T2^-0.0271)*($U2^0.685)*($V2^0.00271)*0.193*($W2^-0.803)/1000,=+(I2*V2+J2*W2)/(V2+W2),838159.732,287785,=71682*($P2^0.183)*($Q2^-0.643)*($R2^1.92)*($S2^1.176)*($T2^0.0445)*($U2^0.45)*($V2^0.103)*($W2^0.149),=73.99*($P2^0.126)*($Q2^-0.326)*($R2^0.473)*($S2^0.605)*($T2^-0.0271)*($U2^0.685)*($V2^0.00271)*($W2^0.193),92209,3.01088819203367,0.0515,0.921233519346634,1.35513024986709,29460.873,7136.844,9164.283
Alaska,=79221*($R3^1.83)*($S3^0.786)*($T3^0.00492)*0.439*($U3^-0.561)*($V3^0.225)*($W3^0.179)/1000,=79221*($R3^1.83)*($S3^0.786)*($T3^0.00492)*($U3^0.439)*0.225*($V3^-0.775)*($W3^0.179)/1000,=79221*($R3^1.83)*($S3^0.786)*($T3^0.00492)*($U3^0.439)*($V3^0.225)*0.179*($W3^-0.821)/1000,=+(C3*V3+D3*W3)/(V3+W3),,Alaska,=73.99*($P3^0.126)*($Q3^-0.326)*($R3^0.473)*($S3^0.605)*($T3^-0.0271)*0.685*($U3^-0.315)*($V3^0.00271)*($W3^0.193)/1000,=73.99*($P3^0.126)*($Q3^-0.326)*($R3^0.473)*($S3^0.605)*($T3^-0.0271)*($U3^0.685)*0.00271*($V3^-0.997)*($W3^0.193)/1000,=73.99*($P3^0.126)*($Q3^-0.326)*($R3^0.473)*($S3^0.605)*($T3^-0.0271)*($U3^0.685)*($V3^0.00271)*0.193*($W3^-0.803)/1000,=+(I3*V3+J3*W3)/(V3+W3),103604,103604,=71682*(P3^0.183)*(Q3^-0.643)*(R3^1.92)*(S3^1.176)*(T3^0.0445)*(U3^0.45)*(V3^0.103)*(W3^0.149),=73.99*(P3^0.126)*(Q3^-0.326)*(R3^0.473)*(S3^0.605)*(T3^-0.0271)*(U3^0.685)*(V3^0.00271)*(W3^0.193),13849,3.08165671868817,0.0515,1.39661033340936,1.69537480063796,2723.331,1056.697,60.9720000000001
Arizona,=79221*($R4^1.83)*($S4^0.786)*($T4^0.00492)*0.439*($U4^-0.561)*($V4^0.225)*($W4^0.179)/1000,=79221*($R4^1.83)*($S4^0.786)*($T4^0.00492)*($U4^0.439)*0.225*($V4^-0.775)*($W4^0.179)/1000,=79221*($R4^1.83)*($S4^0.786)*($T4^0.00492)*($U4^0.439)*($V4^0.225)*0.179*($W4^-0.821)/1000,=+(C4*V4+D4*W4)/(V4+W4),,Arizona,=73.99*($P4^0.126)*($Q4^-0.326)*($R4^0.473)*($S4^0.605)*($T4^-0.0271)*0.685*($U4^-0.315)*($V4^0.00271)*($W4^0.193)/1000,=73.99*($P4^0.126)*($Q4^-0.326)*($R4^0.473)*($S4^0.605)*($T4^-0.0271)*($U4^0.685)*0.00271*($V4^-0.997)*($W4^0.193)/1000,=73.99*($P4^0.126)*($Q4^-0.326)*($R4^0.473)*($S4^0.605)*($T4^-0.0271)*($U4^0.685)*($V4^0.00271)*0.193*($W4^-0.803)/1000,=+(I4*V4+J4*W4)/(V4+W4),718978.26,217812,=71682*(P4^0.183)*(Q4^-0.643)*(R4^1.92)*(S4^1.176)*(T4^0.0445)*(U4^0.45)*(V4^0.103)*(W4^0.149),=73.99*(P4^0.126)*(Q4^-0.326)*(R4^0.473)*(S4^0.605)*(T4^-0.0271)*(U4^0.685)*(V4^0.00271)*(W4^0.193),55763,3.02788347401141,0.0525,0.920018851529052,1.19191919191919,20434.709,10642.868,3969.423
Arkansas,=79221*($R5^1.83)*($S5^0.786)*($T5^0.00492)*0.439*($U5^-0.561)*($V5^0.225)*($W5^0.179)/1000,=79221*($R5^1.83)*($S5^0.786)*($T5^0.00492)*($U5^0.439)*0.225*($V5^-0.775)*($W5^0.179)/1000,=79221*($R5^1.83)*($S5^0.786)*($T5^0.00492)*($U5^0.439)*($V5^0.225)*0.179*($W5^-0.821)/1000,=+(C5*V5+D5*W5)/(V5+W5),,Arkansas,=73.99*($P5^0.126)*($Q5^-0.326)*($R5^0.473)*($S5^0.605)*($T5^-0.0271)*0.685*($U5^-0.315)*($V5^0.00271)*($W5^0.193)/1000,=73.99*($P5^0.126)*($Q5^-0.326)*($R5^0.473)*($S5^0.605)*($T5^-0.0271)*($U5^0.685)*0.00271*($V5^-0.997)*($W5^0.193)/1000,=73.99*($P5^0.126)*($Q5^-0.326)*($R5^0.473)*($S5^0.605)*($T5^-0.0271)*($U5^0.685)*($V5^0.00271)*0.193*($W5^-0.803)/1000,=+(I5*V5+J5*W5)/(V5+W5),479553.448,181099,=71682*(P5^0.183)*(Q5^-0.643)*(R5^1.92)*(S5^1.176)*(T5^0.0445)*(U5^0.45)*(V5^0.103)*(W5^0.149),=73.99*(P5^0.126)*(Q5^-0.326)*(R5^0.473)*(S5^0.605)*(T5^-0.0271)*(U5^0.685)*(V5^0.00271)*(W5^0.193),77192,3.00925140893557,0.0515,0.838967380792226,1.39712918660287,14028.824,3205.316,5846.86
California,=79221*($R6^1.83)*($S6^0.786)*($T6^0.00492)*0.439*($U6^-0.561)*($V6^0.225)*($W6^0.179)/1000,=79221*($R6^1.83)*($S6^0.786)*($T6^0.00492)*($U6^0.439)*0.225*($V6^-0.775)*($W6^0.179)/1000,=79221*($R6^1.83)*($S6^0.786)*($T6^0.00492)*($U6^0.439)*($V6^0.225)*0.179*($W6^-0.821)/1000,=+(C6*V6+D6*W6)/(V6+W6),,California,=73.99*($P6^0.126)*($Q6^-0.326)*($R6^0.473)*($S6^0.605)*($T6^-0.0271)*0.685*($U6^-0.315)*($V6^0.00271)*($W6^0.193)/1000,=73.99*($P6^0.126)*($Q6^-0.326)*($R6^0.473)*($S6^0.605)*($T6^-0.0271)*($U6^0.685)*0.00271*($V6^-0.997)*($W6^0.193)/1000,=73.99*($P6^0.126)*($Q6^-0.326)*($R6^0.473)*($S6^0.605)*($T6^-0.0271)*($U6^0.685)*($V6^0.00271)*0.193*($W6^-0.803)/1000,=+(I6*V6+J6*W6)/(V6+W6),5321960.964,2571927,=71682*(P6^0.183)*(Q6^-0.643)*(R6^1.92)*(S6^1.176)*(T6^0.0445)*(U6^0.45)*(V6^0.103)*(W6^0.149),=73.99*(P6^0.126)*(Q6^-0.326)*(R6^0.473)*(S6^0.605)*(T6^-0.0271)*(U6^0.685)*(V6^0.00271)*(W6^0.193),169201,3.05854284372906,0.0535,1.21761246683661,1.53056884635832,217495.083,32116.494,12936.423
Colorado,=79221*($R7^1.83)*($S7^0.786)*($T7^0.00492)*0.439*($U7^-0.561)*($V7^0.225)*($W7^0.179)/1000,=79221*($R7^1.83)*($S7^0.786)*($T7^0.00492)*($U7^0.439)*0.225*($V7^-0.775)*($W7^0.179)/1000,=79221*($R7^1.83)*($S7^0.786)*($T7^0.00492)*($U7^0.439)*($V7^0.225)*0.179*($W7^-0.821)/1000,=+(C7*V7+D7*W7)/(V7+W7),,Colorado,=73.99*($P7^0.126)*($Q7^-0.326)*($R7^0.473)*($S7^0.605)*($T7^-0.0271)*0.685*($U7^-0.315)*($V7^0.00271)*($W7^0.193)/1000,=73.99*($P7^0.126)*($Q7^-0.326)*($R7^0.473)*($S7^0.605)*($T7^-0.0271)*($U7^0.685)*0.00271*($V7^-0.997)*($W7^0.193)/1000,=73.99*($P7^0.126)*($Q7^-0.326)*($R7^0.473)*($S7^0.605)*($T7^-0.0271)*($U7^0.685)*($V7^0.00271)*0.193*($W7^-0.803)/1000,=+(I7*V7+J7*W7)/(V7+W7),688811.57,274625,=71682*(P7^0.183)*(Q7^-0.643)*(R7^1.92)*(S7^1.176)*(T7^0.0445)*(U7^0.45)*(V7^0.103)*(W7^0.149),=73.99*(P7^0.126)*(Q7^-0.326)*(R7^0.473)*(S7^0.605)*(T7^-0.0271)*(U7^0.685)*(V7^0.00271)*(W7^0.193),78721,3.01831807997023,0.0525,1.00780620743611,1.50717703349282,26874.1,1377.548,2556.352
Connecticut,=79221*($R8^1.83)*($S8^0.786)*($T8^0.00492)*0.439*($U8^-0.561)*($V8^0.225)*($W8^0.179)/1000,=79221*($R8^1.83)*($S8^0.786)*($T8^0.00492)*($U8^0.439)*0.225*($V8^-0.775)*($W8^0.179)/1000,=79221*($R8^1.83)*($S8^0.786)*($T8^0.00492)*($U8^0.439)*($V8^0.225)*0.179*($W8^-0.821)/1000,=+(C8*V8+D8*W8)/(V8+W8),,Connecticut,=73.99*($P8^0.126)*($Q8^-0.326)*($R8^0.473)*($S8^0.605)*($T8^-0.0271)*0.685*($U8^-0.315)*($V8^0.00271)*($W8^0.193)/1000,=73.99*($P8^0.126)*($Q8^-0.326)*($R8^0.473)*($S8^0.605)*($T8^-0.0271)*($U8^0.685)*0.00271*($V8^-0.997)*($W8^0.193)/1000,=73.99*($P8^0.126)*($Q8^-0.326)*($R8^0.473)*($S8^0.605)*($T8^-0.0271)*($U8^0.685)*($V8^0.00271)*0.193*($W8^-0.803)/1000,=+(I8*V8+J8*W8)/(V8+W8),589285.678,142057,=71682*(P8^0.183)*(Q8^-0.643)*(R8^1.92)*(S8^1.176)*(T8^0.0445)*(U8^0.45)*(V8^0.103)*(W8^0.149),=73.99*(P8^0.126)*(Q8^-0.326)*(R8^0.473)*(S8^0.605)*(T8^-0.0271)*(U8^0.685)*(V8^0.00271)*(W8^0.193),20357,3.06535734272844,0.0515,1.30006264596944,1.72248803827751,21789.372,3241.828,1427.8
Delaware,=79221*($R9^1.83)*($S9^0.786)*($T9^0.00492)*0.439*($U9^-0.561)*($V9^0.225)*($W9^0.179)/1000,=79221*($R9^1.83)*($S9^0.786)*($T9^0.00492)*($U9^0.439)*0.225*($V9^-0.775)*($W9^0.179)/1000,=79221*($R9^1.83)*($S9^0.786)*($T9^0.00492)*($U9^0.439)*($V9^0.225)*0.179*($W9^-0.821)/1000,=+(C9*V9+D9*W9)/(V9+W9),,Delaware,=73.99*($P9^0.126)*($Q9^-0.326)*($R9^0.473)*($S9^0.605)*($T9^-0.0271)*0.685*($U9^-0.315)*($V9^0.00271)*($W9^0.193)/1000,=73.99*($P9^0.126)*($Q9^-0.326)*($R9^0.473)*($S9^0.605)*($T9^-0.0271)*($U9^0.685)*0.00271*($V9^-0.997)*($W9^0.193)/1000,=73.99*($P9^0.126)*($Q9^-0.326)*($R9^0.473)*($S9^0.605)*($T9^-0.0271)*($U9^0.685)*($V9^0.00271)*0.193*($W9^-0.803)/1000,=+(I9*V9+J9*W9)/(V9+W9),241810.132,116311,=71682*(P9^0.183)*(Q9^-0.643)*(R9^1.92)*(S9^1.176)*(T9^0.0445)*(U9^0.45)*(V9^0.103)*(W9^0.149),=73.99*(P9^0.126)*(Q9^-0.326)*(R9^0.473)*(S9^0.605)*(T9^-0.0271)*(U9^0.685)*(V9^0.00271)*(W9^0.193),5544,3,0.0495,1.05245445176116,1.4274322169059,5356.445,1060.164,475.391
Dist.  of  Col.,=79221*($R10^1.83)*($S10^0.786)*($T10^0.00492)*0.439*($U10^-0.561)*($V10^0.225)*($W10^0.179)/1000,=79221*($R10^1.83)*($S10^0.786)*($T10^0.00492)*($U10^0.439)*0.225*($V10^-0.775)*($W10^0.179)/1000,=79221*($R10^1.83)*($S10^0.786)*($T10^0.00492)*($U10^0.439)*($V10^0.225)*0.179*($W10^-0.821)/1000,=+(C10*V10+D10*W10)/(V10+W10),,Dist.  of  Col.,=73.99*($P10^0.126)*($Q10^-0.326)*($R10^0.473)*($S10^0.605)*($T10^-0.0271)*0.685*($U10^-0.315)*($V10^0.00271)*($W10^0.193)/1000,=73.99*($P10^0.126)*($Q10^-0.326)*($R10^0.473)*($S10^0.605)*($T10^-0.0271)*($U10^0.685)*0.00271*($V10^-0.997)*($W10^0.193)/1000,=73.99*($P10^0.126)*($Q10^-0.326)*($R10^0.473)*($S10^0.605)*($T10^-0.0271)*($U10^0.685)*($V10^0.00271)*0.193*($W10^-0.803)/1000,=+(I10*V10+J10*W10)/(V10+W10),47669,47669,=71682*(P10^0.183)*(Q10^-0.643)*(R10^1.92)*(S10^1.176)*(T10^0.0445)*(U10^0.45)*(V10^0.103)*(W10^0.149),=73.99*(P10^0.126)*(Q10^-0.326)*(R10^0.473)*(S10^0.605)*(T10^-0.0271)*(U10^0.685)*(V10^0.00271)*(W10^0.193),1107,3,0.0525,1.61421991333493,2.89686337054758,3458.702,92.612,10.6860000000002
Florida,=79221*($R11^1.83)*($S11^0.786)*($T11^0.00492)*0.439*($U11^-0.561)*($V11^0.225)*($W11^0.179)/1000,=79221*($R11^1.83)*($S11^0.786)*($T11^0.00492)*($U11^0.439)*0.225*($V11^-0.775)*($W11^0.179)/1000,=79221*($R11^1.83)*($S11^0.786)*($T11^0.00492)*($U11^0.439)*($V11^0.225)*0.179*($W11^-0.821)/1000,=+(C11*V11+D11*W11)/(V11+W11),,Florida,=73.99*($P11^0.126)*($Q11^-0.326)*($R11^0.473)*($S11^0.605)*($T11^-0.0271)*0.685*($U11^-0.315)*($V11^0.00271)*($W11^0.193)/1000,=73.99*($P11^0.126)*($Q11^-0.326)*($R11^0.473)*($S11^0.605)*($T11^-0.0271)*($U11^0.685)*0.00271*($V11^-0.997)*($W11^0.193)/1000,=73.99*($P11^0.126)*($Q11^-0.326)*($R11^0.473)*($S11^0.605)*($T11^-0.0271)*($U11^0.685)*($V11^0.00271)*0.193*($W11^-0.803)/1000,=+(I11*V11+J11*W11)/(V11+W11),2132756.22,897504,=71682*(P11^0.183)*(Q11^-0.643)*(R11^1.92)*(S11^1.176)*(T11^0.0445)*(U11^0.45)*(V11^0.103)*(W11^0.149),=73.99*(P11^0.126)*(Q11^-0.326)*(R11^0.473)*(S11^0.605)*(T11^-0.0271)*(U11^0.685)*(V11^0.00271)*(W11^0.193),112808,3.0275318527805,0.0515,0.998088864895451,1.01116427432217,96026.289,14094.558,9747.153
Georgia,=79221*($R12^1.83)*($S12^0.786)*($T12^0.00492)*0.439*($U12^-0.561)*($V12^0.225)*($W12^0.179)/1000,=79221*($R12^1.83)*($S12^0.786)*($T12^0.00492)*($U12^0.439)*0.225*($V12^-0.775)*($W12^0.179)/1000,=79221*($R12^1.83)*($S12^0.786)*($T12^0.00492)*($U12^0.439)*($V12^0.225)*0.179*($W12^-0.821)/1000,=+(C12*V12+D12*W12)/(V12+W12),,Georgia,=73.99*($P12^0.126)*($Q12^-0.326)*($R12^0.473)*($S12^0.605)*($T12^-0.0271)*0.685*($U12^-0.315)*($V12^0.00271)*($W12^0.193)/1000,=73.99*($P12^0.126)*($Q12^-0.326)*($R12^0.473)*($S12^0.605)*($T12^-0.0271)*($U12^0.685)*0.00271*($V12^-0.997)*($W12^0.193)/1000,=73.99*($P12^0.126)*($Q12^-0.326)*($R12^0.473)*($S12^0.605)*($T12^-0.0271)*($U12^0.685)*($V12^0.00271)*0.193*($W12^-0.803)/1000,=+(I12*V12+J12*W12)/(V12+W12),1113409.56,404325,=71682*(P12^0.183)*(Q12^-0.643)*(R12^1.92)*(S12^1.176)*(T12^0.0445)*(U12^0.45)*(V12^0.103)*(W12^0.149),=73.99*(P12^0.126)*(Q12^-0.326)*(R12^0.473)*(S12^0.605)*(T12^-0.0271)*(U12^0.685)*(V12^0.00271)*(W12^0.193),110879,3.02249931932024,0.0475,0.899259074283108,1.61988304093567,50160.336,17596.464,10147.2
Hawaii,=79221*($R13^1.83)*($S13^0.786)*($T13^0.00492)*0.439*($U13^-0.561)*($V13^0.225)*($W13^0.179)/1000,=79221*($R13^1.83)*($S13^0.786)*($T13^0.00492)*($U13^0.439)*0.225*($V13^-0.775)*($W13^0.179)/1000,=79221*($R13^1.83)*($S13^0.786)*($T13^0.00492)*($U13^0.439)*($V13^0.225)*0.179*($W13^-0.821)/1000,=+(C13*V13+D13*W13)/(V13+W13),,Hawaii,=73.99*($P13^0.126)*($Q13^-0.326)*($R13^0.473)*($S13^0.605)*($T13^-0.0271)*0.685*($U13^-0.315)*($V13^0.00271)*($W13^0.193)/1000,=73.99*($P13^0.126)*($Q13^-0.326)*($R13^0.473)*($S13^0.605)*($T13^-0.0271)*($U13^0.685)*0.00271*($V13^-0.997)*($W13^0.193)/1000,=73.99*($P13^0.126)*($Q13^-0.326)*($R13^0.473)*($S13^0.605)*($T13^-0.0271)*($U13^0.685)*($V13^0.00271)*0.193*($W13^-0.803)/1000,=+(I13*V13+J13*W13)/(V13+W13),70059,70059,=71682*(P13^0.183)*(Q13^-0.643)*(R13^1.92)*(S13^1.176)*(T13^0.0445)*(U13^0.45)*(V13^0.103)*(W13^0.149),=73.99*(P13^0.126)*(Q13^-0.326)*(R13^0.473)*(S13^0.605)*(T13^-0.0271)*(U13^0.685)*(V13^0.00271)*(W13^0.193),4106,3,0.0515,1.11970287911637,3.46305156831473,6840.974,1189.518,35.5080000000001
Idaho,=79221*($R14^1.83)*($S14^0.786)*($T14^0.00492)*0.439*($U14^-0.561)*($V14^0.225)*($W14^0.179)/1000,=79221*($R14^1.83)*($S14^0.786)*($T14^0.00492)*($U14^0.439)*0.225*($V14^-0.775)*($W14^0.179)/1000,=79221*($R14^1.83)*($S14^0.786)*($T14^0.00492)*($U14^0.439)*($V14^0.225)*0.179*($W14^-0.821)/1000,=+(C14*V14+D14*W14)/(V14+W14),,Idaho,=73.99*($P14^0.126)*($Q14^-0.326)*($R14^0.473)*($S14^0.605)*($T14^-0.0271)*0.685*($U14^-0.315)*($V14^0.00271)*($W14^0.193)/1000,=73.99*($P14^0.126)*($Q14^-0.326)*($R14^0.473)*($S14^0.605)*($T14^-0.0271)*($U14^0.685)*0.00271*($V14^-0.997)*($W14^0.193)/1000,=73.99*($P14^0.126)*($Q14^-0.326)*($R14^0.473)*($S14^0.605)*($T14^-0.0271)*($U14^0.685)*($V14^0.00271)*0.193*($W14^-0.803)/1000,=+(I14*V14+J14*W14)/(V14+W14),269425.34,79784,=71682*(P14^0.183)*(Q14^-0.643)*(R14^1.92)*(S14^1.176)*(T14^0.0445)*(U14^0.45)*(V14^0.103)*(W14^0.149),=73.99*(P14^0.126)*(Q14^-0.326)*(R14^0.473)*(S14^0.605)*(T14^-0.0271)*(U14^0.685)*(V14^0.00271)*(W14^0.193),58835,3.01043076926056,0.0525,0.819937584983444,1.16002126528442,5614.716,3383.546,1765.738
Illinois,=79221*($R15^1.83)*($S15^0.786)*($T15^0.00492)*0.439*($U15^-0.561)*($V15^0.225)*($W15^0.179)/1000,=79221*($R15^1.83)*($S15^0.786)*($T15^0.00492)*($U15^0.439)*0.225*($V15^-0.775)*($W15^0.179)/1000,=79221*($R15^1.83)*($S15^0.786)*($T15^0.00492)*($U15^0.439)*($V15^0.225)*0.179*($W15^-0.821)/1000,=+(C15*V15+D15*W15)/(V15+W15),,Illinois,=73.99*($P15^0.126)*($Q15^-0.326)*($R15^0.473)*($S15^0.605)*($T15^-0.0271)*0.685*($U15^-0.315)*($V15^0.00271)*($W15^0.193)/1000,=73.99*($P15^0.126)*($Q15^-0.326)*($R15^0.473)*($S15^0.605)*($T15^-0.0271)*($U15^0.685)*0.00271*($V15^-0.997)*($W15^0.193)/1000,=73.99*($P15^0.126)*($Q15^-0.326)*($R15^0.473)*($S15^0.605)*($T15^-0.0271)*($U15^0.685)*($V15^0.00271)*0.193*($W15^-0.803)/1000,=+(I15*V15+J15*W15)/(V15+W15),2494676.878,643432,=71682*(P15^0.183)*(Q15^-0.643)*(R15^1.92)*(S15^1.176)*(T15^0.0445)*(U15^0.45)*(V15^0.103)*(W15^0.149),=73.99*(P15^0.126)*(Q15^-0.326)*(R15^0.473)*(S15^0.605)*(T15^-0.0271)*(U15^0.685)*(V15^0.00271)*(W15^0.193),136965,3.02216072981059,0.0535,1.09364273321189,1.5933014354067,64662.366,12465.324,10514.31
Indiana,=79221*($R16^1.83)*($S16^0.786)*($T16^0.00492)*0.439*($U16^-0.561)*($V16^0.225)*($W16^0.179)/1000,=79221*($R16^1.83)*($S16^0.786)*($T16^0.00492)*($U16^0.439)*0.225*($V16^-0.775)*($W16^0.179)/1000,=79221*($R16^1.83)*($S16^0.786)*($T16^0.00492)*($U16^0.439)*($V16^0.225)*0.179*($W16^-0.821)/1000,=+(C16*V16+D16*W16)/(V16+W16),,Indiana,=73.99*($P16^0.126)*($Q16^-0.326)*($R16^0.473)*($S16^0.605)*($T16^-0.0271)*0.685*($U16^-0.315)*($V16^0.00271)*($W16^0.193)/1000,=73.99*($P16^0.126)*($Q16^-0.326)*($R16^0.473)*($S16^0.605)*($T16^-0.0271)*($U16^0.685)*0.00271*($V16^-0.997)*($W16^0.193)/1000,=73.99*($P16^0.126)*($Q16^-0.326)*($R16^0.473)*($S16^0.605)*($T16^-0.0271)*($U16^0.685)*($V16^0.00271)*0.193*($W16^-0.803)/1000,=+(I16*V16+J16*W16)/(V16+W16),1102127.36,427163,=71682*(P16^0.183)*(Q16^-0.643)*(R16^1.92)*(S16^1.176)*(T16^0.0445)*(U16^0.45)*(V16^0.103)*(W16^0.149),=73.99*(P16^0.126)*(Q16^-0.326)*(R16^0.473)*(S16^0.605)*(T16^-0.0271)*(U16^0.685)*(V16^0.00271)*(W16^0.193),92374,3.01874639115114,0.0525,0.931576599853922,1.21743753322701,36429.524,9441.836,11200.64
Iowa,=79221*($R17^1.83)*($S17^0.786)*($T17^0.00492)*0.439*($U17^-0.561)*($V17^0.225)*($W17^0.179)/1000,=79221*($R17^1.83)*($S17^0.786)*($T17^0.00492)*($U17^0.439)*0.225*($V17^-0.775)*($W17^0.179)/1000,=79221*($R17^1.83)*($S17^0.786)*($T17^0.00492)*($U17^0.439)*($V17^0.225)*0.179*($W17^-0.821)/1000,=+(C17*V17+D17*W17)/(V17+W17),,Iowa,=73.99*($P17^0.126)*($Q17^-0.326)*($R17^0.473)*($S17^0.605)*($T17^-0.0271)*0.685*($U17^-0.315)*($V17^0.00271)*($W17^0.193)/1000,=73.99*($P17^0.126)*($Q17^-0.326)*($R17^0.473)*($S17^0.605)*($T17^-0.0271)*($U17^0.685)*0.00271*($V17^-0.997)*($W17^0.193)/1000,=73.99*($P17^0.126)*($Q17^-0.326)*($R17^0.473)*($S17^0.605)*($T17^-0.0271)*($U17^0.685)*($V17^0.00271)*0.193*($W17^-0.803)/1000,=+(I17*V17+J17*W17)/(V17+W17),884553.28,220813,=71682*(P17^0.183)*(Q17^-0.643)*(R17^1.92)*(S17^1.176)*(T17^0.0445)*(U17^0.45)*(V17^0.103)*(W17^0.149),=73.99*(P17^0.126)*(Q17^-0.326)*(R17^0.473)*(S17^0.605)*(T17^-0.0271)*(U17^0.685)*(V17^0.00271)*(W17^0.193),112708,3.00837164173669,0.0525,0.890130661593402,1.21903242955875,15135.456,3147.91,5642.634
Kansas,=79221*($R18^1.83)*($S18^0.786)*($T18^0.00492)*0.439*($U18^-0.561)*($V18^0.225)*($W18^0.179)/1000,=79221*($R18^1.83)*($S18^0.786)*($T18^0.00492)*($U18^0.439)*0.225*($V18^-0.775)*($W18^0.179)/1000,=79221*($R18^1.83)*($S18^0.786)*($T18^0.00492)*($U18^0.439)*($V18^0.225)*0.179*($W18^-0.821)/1000,=+(C18*V18+D18*W18)/(V18+W18),,Kansas,=73.99*($P18^0.126)*($Q18^-0.326)*($R18^0.473)*($S18^0.605)*($T18^-0.0271)*0.685*($U18^-0.315)*($V18^0.00271)*($W18^0.193)/1000,=73.99*($P18^0.126)*($Q18^-0.326)*($R18^0.473)*($S18^0.605)*($T18^-0.0271)*($U18^0.685)*0.00271*($V18^-0.997)*($W18^0.193)/1000,=73.99*($P18^0.126)*($Q18^-0.326)*($R18^0.473)*($S18^0.605)*($T18^-0.0271)*($U18^0.685)*($V18^0.00271)*0.193*($W18^-0.803)/1000,=+(I18*V18+J18*W18)/(V18+W18),1030789.71,547758,=71682*(P18^0.183)*(Q18^-0.643)*(R18^1.92)*(S18^1.176)*(T18^0.0445)*(U18^0.45)*(V18^0.103)*(W18^0.149),=73.99*(P18^0.126)*(Q18^-0.326)*(R18^0.473)*(S18^0.605)*(T18^-0.0271)*(U18^0.685)*(V18^0.00271)*(W18^0.193),133256,3.00817911689654,0.0525,0.843752435831185,1.29824561403509,15884.563,5194.815,3083.622
Kentucky,=79221*($R19^1.83)*($S19^0.786)*($T19^0.00492)*0.439*($U19^-0.561)*($V19^0.225)*($W19^0.179)/1000,=79221*($R19^1.83)*($S19^0.786)*($T19^0.00492)*($U19^0.439)*0.225*($V19^-0.775)*($W19^0.179)/1000,=79221*($R19^1.83)*($S19^0.786)*($T19^0.00492)*($U19^0.439)*($V19^0.225)*0.179*($W19^-0.821)/1000,=+(C19*V19+D19*W19)/(V19+W19),,Kentucky,=73.99*($P19^0.126)*($Q19^-0.326)*($R19^0.473)*($S19^0.605)*($T19^-0.0271)*0.685*($U19^-0.315)*($V19^0.00271)*($W19^0.193)/1000,=73.99*($P19^0.126)*($Q19^-0.326)*($R19^0.473)*($S19^0.605)*($T19^-0.0271)*($U19^0.685)*0.00271*($V19^-0.997)*($W19^0.193)/1000,=73.99*($P19^0.126)*($Q19^-0.326)*($R19^0.473)*($S19^0.605)*($T19^-0.0271)*($U19^0.685)*($V19^0.00271)*0.193*($W19^-0.803)/1000,=+(I19*V19+J19*W19)/(V19+W19),=#REF!,=#REF!,=71682*(P19^0.183)*(Q19^-0.643)*(R19^1.92)*(S19^1.176)*(T19^0.0445)*(U19^0.45)*(V19^0.103)*(W19^0.149),=73.99*(P19^0.126)*(Q19^-0.326)*(R19^0.473)*(S19^0.605)*(T19^-0.0271)*(U19^0.685)*(V19^0.00271)*(W19^0.193),72632,3.01516923518577,0.0515,0.880008429780219,1.5103668261563,23122.463,9346.853,5592.684
Louisiana,=79221*($R20^1.83)*($S20^0.786)*($T20^0.00492)*0.439*($U20^-0.561)*($V20^0.225)*($W20^0.179)/1000,=79221*($R20^1.83)*($S20^0.786)*($T20^0.00492)*($U20^0.439)*0.225*($V20^-0.775)*($W20^0.179)/1000,=79221*($R20^1.83)*($S20^0.786)*($T20^0.00492)*($U20^0.439)*($V20^0.225)*0.179*($W20^-0.821)/1000,=+(C20*V20+D20*W20)/(V20+W20),,Louisiana,=73.99*($P20^0.126)*($Q20^-0.326)*($R20^0.473)*($S20^0.605)*($T20^-0.0271)*0.685*($U20^-0.315)*($V20^0.00271)*($W20^0.193)/1000,=73.99*($P20^0.126)*($Q20^-0.326)*($R20^0.473)*($S20^0.605)*($T20^-0.0271)*($U20^0.685)*0.00271*($V20^-0.997)*($W20^0.193)/1000,=73.99*($P20^0.126)*($Q20^-0.326)*($R20^0.473)*($S20^0.605)*($T20^-0.0271)*($U20^0.685)*($V20^0.00271)*0.193*($W20^-0.803)/1000,=+(I20*V20+J20*W20)/(V20+W20),1243192.932,274125,=71682*(P20^0.183)*(Q20^-0.643)*(R20^1.92)*(S20^1.176)*(T20^0.0445)*(U20^0.45)*(V20^0.103)*(W20^0.149),=73.99*(P20^0.126)*(Q20^-0.326)*(R20^0.473)*(S20^0.605)*(T20^-0.0271)*(U20^0.685)*(V20^0.00271)*(W20^0.193),59599,3.01930060058751,0.0595,0.823876053361664,1.52153110047847,20439.614,8821.947,4593.439
Maine,=79221*($R21^1.83)*($S21^0.786)*($T21^0.00492)*0.439*($U21^-0.561)*($V21^0.225)*($W21^0.179)/1000,=79221*($R21^1.83)*($S21^0.786)*($T21^0.00492)*($U21^0.439)*0.225*($V21^-0.775)*($W21^0.179)/1000,=79221*($R21^1.83)*($S21^0.786)*($T21^0.00492)*($U21^0.439)*($V21^0.225)*0.179*($W21^-0.821)/1000,=+(C21*V21+D21*W21)/(V21+W21),,Maine,=73.99*($P21^0.126)*($Q21^-0.326)*($R21^0.473)*($S21^0.605)*($T21^-0.0271)*0.685*($U21^-0.315)*($V21^0.00271)*($W21^0.193)/1000,=73.99*($P21^0.126)*($Q21^-0.326)*($R21^0.473)*($S21^0.605)*($T21^-0.0271)*($U21^0.685)*0.00271*($V21^-0.997)*($W21^0.193)/1000,=73.99*($P21^0.126)*($Q21^-0.326)*($R21^0.473)*($S21^0.605)*($T21^-0.0271)*($U21^0.685)*($V21^0.00271)*0.193*($W21^-0.803)/1000,=+(I21*V21+J21*W21)/(V21+W21),293390.23,135964,=71682*(P21^0.183)*(Q21^-0.643)*(R21^1.92)*(S21^1.176)*(T21^0.0445)*(U21^0.45)*(V21^0.103)*(W21^0.149),=73.99*(P21^0.126)*(Q21^-0.326)*(R21^0.473)*(S21^0.605)*(T21^-0.0271)*(U21^0.685)*(V21^0.00271)*(W21^0.193),22510,3.01900590827789,0.0515,0.900547358332058,1.30409356725146,7983.189,3040.744,1127.067
Maryland,=79221*($R22^1.83)*($S22^0.786)*($T22^0.00492)*0.439*($U22^-0.561)*($V22^0.225)*($W22^0.179)/1000,=79221*($R22^1.83)*($S22^0.786)*($T22^0.00492)*($U22^0.439)*0.225*($V22^-0.775)*($W22^0.179)/1000,=79221*($R22^1.83)*($S22^0.786)*($T22^0.00492)*($U22^0.439)*($V22^0.225)*0.179*($W22^-0.821)/1000,=+(C22*V22+D22*W22)/(V22+W22),,Maryland,=73.99*($P22^0.126)*($Q22^-0.326)*($R22^0.473)*($S22^0.605)*($T22^-0.0271)*0.685*($U22^-0.315)*($V22^0.00271)*($W22^0.193)/1000,=73.99*($P22^0.126)*($Q22^-0.326)*($R22^0.473)*($S22^0.605)*($T22^-0.0271)*($U22^0.685)*0.00271*($V22^-0.997)*($W22^0.193)/1000,=73.99*($P22^0.126)*($Q22^-0.326)*($R22^0.473)*($S22^0.605)*($T22^-0.0271)*($U22^0.685)*($V22^0.00271)*0.193*($W22^-0.803)/1000,=+(I22*V22+J22*W22)/(V22+W22),1041502.14,370725,=71682*(P22^0.183)*(Q22^-0.643)*(R22^1.92)*(S22^1.176)*(T22^0.0445)*(U22^0.45)*(V22^0.103)*(W22^0.149),=73.99*(P22^0.126)*(Q22^-0.326)*(R22^0.473)*(S22^0.605)*(T22^-0.0271)*(U22^0.685)*(V22^0.00271)*(W22^0.193),29313,3.06968868614359,0.0475,1.21209124948396,1.39287612971824,27153.256,11948.434,2794.31
Massachusetts,=79221*($R23^1.83)*($S23^0.786)*($T23^0.00492)*0.439*($U23^-0.561)*($V23^0.225)*($W23^0.179)/1000,=79221*($R23^1.83)*($S23^0.786)*($T23^0.00492)*($U23^0.439)*0.225*($V23^-0.775)*($W23^0.179)/1000,=79221*($R23^1.83)*($S23^0.786)*($T23^0.00492)*($U23^0.439)*($V23^0.225)*0.179*($W23^-0.821)/1000,=+(C23*V23+D23*W23)/(V23+W23),,Massachusetts,=73.99*($P23^0.126)*($Q23^-0.326)*($R23^0.473)*($S23^0.605)*($T23^-0.0271)*0.685*($U23^-0.315)*($V23^0.00271)*($W23^0.193)/1000,=73.99*($P23^0.126)*($Q23^-0.326)*($R23^0.473)*($S23^0.605)*($T23^-0.0271)*($U23^0.685)*0.00271*($V23^-0.997)*($W23^0.193)/1000,=73.99*($P23^0.126)*($Q23^-0.326)*($R23^0.473)*($S23^0.605)*($T23^-0.0271)*($U23^0.685)*($V23^0.00271)*0.193*($W23^-0.803)/1000,=+(I23*V23+J23*W23)/(V23+W23),=#REF!,=#REF!,=71682*(P23^0.183)*(Q23^-0.643)*(R23^1.92)*(S23^1.176)*(T23^0.0445)*(U23^0.45)*(V23^0.103)*(W23^0.149),=73.99*(P23^0.126)*(Q23^-0.326)*(R23^0.473)*(S23^0.605)*(T23^-0.0271)*(U23^0.685)*(V23^0.00271)*(W23^0.193),30563,3.07337880538279,0.0535,1.16346772866501,1.53960659223817,39503.346,5603.875,2240.779
Michigan,=79221*($R24^1.83)*($S24^0.786)*($T24^0.00492)*0.439*($U24^-0.561)*($V24^0.225)*($W24^0.179)/1000,=79221*($R24^1.83)*($S24^0.786)*($T24^0.00492)*($U24^0.439)*0.225*($V24^-0.775)*($W24^0.179)/1000,=79221*($R24^1.83)*($S24^0.786)*($T24^0.00492)*($U24^0.439)*($V24^0.225)*0.179*($W24^-0.821)/1000,=+(C24*V24+D24*W24)/(V24+W24),,Michigan,=73.99*($P24^0.126)*($Q24^-0.326)*($R24^0.473)*($S24^0.605)*($T24^-0.0271)*0.685*($U24^-0.315)*($V24^0.00271)*($W24^0.193)/1000,=73.99*($P24^0.126)*($Q24^-0.326)*($R24^0.473)*($S24^0.605)*($T24^-0.0271)*($U24^0.685)*0.00271*($V24^-0.997)*($W24^0.193)/1000,=73.99*($P24^0.126)*($Q24^-0.326)*($R24^0.473)*($S24^0.605)*($T24^-0.0271)*($U24^0.685)*($V24^0.00271)*0.193*($W24^-0.803)/1000,=+(I24*V24+J24*W24)/(V24+W24),1708469.162,501791,=71682*(P24^0.183)*(Q24^-0.643)*(R24^1.92)*(S24^1.176)*(T24^0.0445)*(U24^0.45)*(V24^0.103)*(W24^0.149),=73.99*(P24^0.126)*(Q24^-0.326)*(R24^0.473)*(S24^0.605)*(T24^-0.0271)*(U24^0.685)*(V24^0.00271)*(W24^0.193),117659,3.02131545662924,0.0535,1.10696727108961,1.41626794258373,61071.043,16141.599,7006.358
Minnesota,=79221*($R25^1.83)*($S25^0.786)*($T25^0.00492)*0.439*($U25^-0.561)*($V25^0.225)*($W25^0.179)/1000,=79221*($R25^1.83)*($S25^0.786)*($T25^0.00492)*($U25^0.439)*0.225*($V25^-0.775)*($W25^0.179)/1000,=79221*($R25^1.83)*($S25^0.786)*($T25^0.00492)*($U25^0.439)*($V25^0.225)*0.179*($W25^-0.821)/1000,=+(C25*V25+D25*W25)/(V25+W25),,Minnesota,=73.99*($P25^0.126)*($Q25^-0.326)*($R25^0.473)*($S25^0.605)*($T25^-0.0271)*0.685*($U25^-0.315)*($V25^0.00271)*($W25^0.193)/1000,=73.99*($P25^0.126)*($Q25^-0.326)*($R25^0.473)*($S25^0.605)*($T25^-0.0271)*($U25^0.685)*0.00271*($V25^-0.997)*($W25^0.193)/1000,=73.99*($P25^0.126)*($Q25^-0.326)*($R25^0.473)*($S25^0.605)*($T25^-0.0271)*($U25^0.685)*($V25^0.00271)*0.193*($W25^-0.803)/1000,=+(I25*V25+J25*W25)/(V25+W25),1222271.538,425256,=71682*(P25^0.183)*(Q25^-0.643)*(R25^1.92)*(S25^1.176)*(T25^0.0445)*(U25^0.45)*(V25^0.103)*(W25^0.149),=73.99*(P25^0.126)*(Q25^-0.326)*(R25^0.473)*(S25^0.605)*(T25^-0.0271)*(U25^0.685)*(V25^0.00271)*(W25^0.193),129959,3.00991585871892,0.0495,1.03254126117595,1.02498670919724,32867.632,5185.19,3109.178
Mississippi,=79221*($R26^1.83)*($S26^0.786)*($T26^0.00492)*0.439*($U26^-0.561)*($V26^0.225)*($W26^0.179)/1000,=79221*($R26^1.83)*($S26^0.786)*($T26^0.00492)*($U26^0.439)*0.225*($V26^-0.775)*($W26^0.179)/1000,=79221*($R26^1.83)*($S26^0.786)*($T26^0.00492)*($U26^0.439)*($V26^0.225)*0.179*($W26^-0.821)/1000,=+(C26*V26+D26*W26)/(V26+W26),,Mississippi,=73.99*($P26^0.126)*($Q26^-0.326)*($R26^0.473)*($S26^0.605)*($T26^-0.0271)*0.685*($U26^-0.315)*($V26^0.00271)*($W26^0.193)/1000,=73.99*($P26^0.126)*($Q26^-0.326)*($R26^0.473)*($S26^0.605)*($T26^-0.0271)*($U26^0.685)*0.00271*($V26^-0.997)*($W26^0.193)/1000,=73.99*($P26^0.126)*($Q26^-0.326)*($R26^0.473)*($S26^0.605)*($T26^-0.0271)*($U26^0.685)*($V26^0.00271)*0.193*($W26^-0.803)/1000,=+(I26*V26+J26*W26)/(V26+W26),550037.388,135813,=71682*(P26^0.183)*(Q26^-0.643)*(R26^1.92)*(S26^1.176)*(T26^0.0445)*(U26^0.45)*(V26^0.103)*(W26^0.149),=73.99*(P26^0.126)*(Q26^-0.326)*(R26^0.473)*(S26^0.605)*(T26^-0.0271)*(U26^0.685)*(V26^0.00271)*(W26^0.193),72834,3.00995414229618,0.0515,0.764762219572679,1.55077086656034,17132.877,4434.646,4671.477
Missouri,=79221*($R27^1.83)*($S27^0.786)*($T27^0.00492)*0.439*($U27^-0.561)*($V27^0.225)*($W27^0.179)/1000,=79221*($R27^1.83)*($S27^0.786)*($T27^0.00492)*($U27^0.439)*0.225*($V27^-0.775)*($W27^0.179)/1000,=79221*($R27^1.83)*($S27^0.786)*($T27^0.00492)*($U27^0.439)*($V27^0.225)*0.179*($W27^-0.821)/1000,=+(C27*V27+D27*W27)/(V27+W27),,Missouri,=73.99*($P27^0.126)*($Q27^-0.326)*($R27^0.473)*($S27^0.605)*($T27^-0.0271)*0.685*($U27^-0.315)*($V27^0.00271)*($W27^0.193)/1000,=73.99*($P27^0.126)*($Q27^-0.326)*($R27^0.473)*($S27^0.605)*($T27^-0.0271)*($U27^0.685)*0.00271*($V27^-0.997)*($W27^0.193)/1000,=73.99*($P27^0.126)*($Q27^-0.326)*($R27^0.473)*($S27^0.605)*($T27^-0.0271)*($U27^0.685)*($V27^0.00271)*0.193*($W27^-0.803)/1000,=+(I27*V27+J27*W27)/(V27+W27),1112379.19,457183,=71682*(P27^0.183)*(Q27^-0.643)*(R27^1.92)*(S27^1.176)*(T27^0.0445)*(U27^0.45)*(V27^0.103)*(W27^0.149),=73.99*(P27^0.126)*(Q27^-0.326)*(R27^0.473)*(S27^0.605)*(T27^-0.0271)*(U27^0.685)*(V27^0.00271)*(W27^0.193),121787,3.01485535224272,0.0475,0.913098925780404,1.25146198830409,38589.988,7125.916,7538.096
Montana ,=79221*($R28^1.83)*($S28^0.786)*($T28^0.00492)*0.439*($U28^-0.561)*($V28^0.225)*($W28^0.179)/1000,=79221*($R28^1.83)*($S28^0.786)*($T28^0.00492)*($U28^0.439)*0.225*($V28^-0.775)*($W28^0.179)/1000,=79221*($R28^1.83)*($S28^0.786)*($T28^0.00492)*($U28^0.439)*($V28^0.225)*0.179*($W28^-0.821)/1000,=+(C28*V28+D28*W28)/(V28+W28),,Montana ,=73.99*($P28^0.126)*($Q28^-0.326)*($R28^0.473)*($S28^0.605)*($T28^-0.0271)*0.685*($U28^-0.315)*($V28^0.00271)*($W28^0.193)/1000,=73.99*($P28^0.126)*($Q28^-0.326)*($R28^0.473)*($S28^0.605)*($T28^-0.0271)*($U28^0.685)*0.00271*($V28^-0.997)*($W28^0.193)/1000,=73.99*($P28^0.126)*($Q28^-0.326)*($R28^0.473)*($S28^0.605)*($T28^-0.0271)*($U28^0.685)*($V28^0.00271)*0.193*($W28^-0.803)/1000,=+(I28*V28+J28*W28)/(V28+W28),312090.338,54668,=71682*(P28^0.183)*(Q28^-0.643)*(R28^1.92)*(S28^1.176)*(T28^0.0445)*(U28^0.45)*(V28^0.103)*(W28^0.149),=73.99*(P28^0.126)*(Q28^-0.326)*(R28^0.473)*(S28^0.605)*(T28^-0.0271)*(U28^0.685)*(V28^0.00271)*(W28^0.193),69768,3.01705653021443,0.0515,0.873971898807994,1.26209463051568,4818.087,2517.899,1189.014
Nebraska,=79221*($R29^1.83)*($S29^0.786)*($T29^0.00492)*0.439*($U29^-0.561)*($V29^0.225)*($W29^0.179)/1000,=79221*($R29^1.83)*($S29^0.786)*($T29^0.00492)*($U29^0.439)*0.225*($V29^-0.775)*($W29^0.179)/1000,=79221*($R29^1.83)*($S29^0.786)*($T29^0.00492)*($U29^0.439)*($V29^0.225)*0.179*($W29^-0.821)/1000,=+(C29*V29+D29*W29)/(V29+W29),,Nebraska,=73.99*($P29^0.126)*($Q29^-0.326)*($R29^0.473)*($S29^0.605)*($T29^-0.0271)*0.685*($U29^-0.315)*($V29^0.00271)*($W29^0.193)/1000,=73.99*($P29^0.126)*($Q29^-0.326)*($R29^0.473)*($S29^0.605)*($T29^-0.0271)*($U29^0.685)*0.00271*($V29^-0.997)*($W29^0.193)/1000,=73.99*($P29^0.126)*($Q29^-0.326)*($R29^0.473)*($S29^0.605)*($T29^-0.0271)*($U29^0.685)*($V29^0.00271)*0.193*($W29^-0.803)/1000,=+(I29*V29+J29*W29)/(V29+W29),464939.45,123281,=71682*(P29^0.183)*(Q29^-0.643)*(R29^1.92)*(S29^1.176)*(T29^0.0445)*(U29^0.45)*(V29^0.103)*(W29^0.149),=73.99*(P29^0.126)*(Q29^-0.326)*(R29^0.473)*(S29^0.605)*(T29^-0.0271)*(U29^0.685)*(V29^0.00271)*(W29^0.193),92702,3.00552434068353,0.0525,0.854463597495316,1.18075491759702,8401.648,3558.115,2661.237
Nevada,=79221*($R30^1.83)*($S30^0.786)*($T30^0.00492)*0.439*($U30^-0.561)*($V30^0.225)*($W30^0.179)/1000,=79221*($R30^1.83)*($S30^0.786)*($T30^0.00492)*($U30^0.439)*0.225*($V30^-0.775)*($W30^0.179)/1000,=79221*($R30^1.83)*($S30^0.786)*($T30^0.00492)*($U30^0.439)*($V30^0.225)*0.179*($W30^-0.821)/1000,=+(C30*V30+D30*W30)/(V30+W30),,Nevada,=73.99*($P30^0.126)*($Q30^-0.326)*($R30^0.473)*($S30^0.605)*($T30^-0.0271)*0.685*($U30^-0.315)*($V30^0.00271)*($W30^0.193)/1000,=73.99*($P30^0.126)*($Q30^-0.326)*($R30^0.473)*($S30^0.605)*($T30^-0.0271)*($U30^0.685)*0.00271*($V30^-0.997)*($W30^0.193)/1000,=73.99*($P30^0.126)*($Q30^-0.326)*($R30^0.473)*($S30^0.605)*($T30^-0.0271)*($U30^0.685)*($V30^0.00271)*0.193*($W30^-0.803)/1000,=+(I30*V30+J30*W30)/(V30+W30),=#REF!,=#REF!,=71682*(P30^0.183)*(Q30^-0.643)*(R30^1.92)*(S30^1.176)*(T30^0.0445)*(U30^0.45)*(V30^0.103)*(W30^0.149),=73.99*(P30^0.126)*(Q30^-0.326)*(R30^0.473)*(S30^0.605)*(T30^-0.0271)*(U30^0.685)*(V30^0.00271)*(W30^0.193),45778,3.0137726620992,0.0515,1.13843820999968,1.09888357256778,54714.985,1487.673,1539.324
New  Hampshire,=79221*($R31^1.83)*($S31^0.786)*($T31^0.00492)*0.439*($U31^-0.561)*($V31^0.225)*($W31^0.179)/1000,=79221*($R31^1.83)*($S31^0.786)*($T31^0.00492)*($U31^0.439)*0.225*($V31^-0.775)*($W31^0.179)/1000,=79221*($R31^1.83)*($S31^0.786)*($T31^0.00492)*($U31^0.439)*($V31^0.225)*0.179*($W31^-0.821)/1000,=+(C31*V31+D31*W31)/(V31+W31),,New  Hampshire,=73.99*($P31^0.126)*($Q31^-0.326)*($R31^0.473)*($S31^0.605)*($T31^-0.0271)*0.685*($U31^-0.315)*($V31^0.00271)*($W31^0.193)/1000,=73.99*($P31^0.126)*($Q31^-0.326)*($R31^0.473)*($S31^0.605)*($T31^-0.0271)*($U31^0.685)*0.00271*($V31^-0.997)*($W31^0.193)/1000,=73.99*($P31^0.126)*($Q31^-0.326)*($R31^0.473)*($S31^0.605)*($T31^-0.0271)*($U31^0.685)*($V31^0.00271)*0.193*($W31^-0.803)/1000,=+(I31*V31+J31*W31)/(V31+W31),348865.622,200435,=71682*(P31^0.183)*(Q31^-0.643)*(R31^1.92)*(S31^1.176)*(T31^0.0445)*(U31^0.45)*(V31^0.103)*(W31^0.149),=73.99*(P31^0.126)*(Q31^-0.326)*(R31^0.473)*(S31^0.605)*(T31^-0.0271)*(U31^0.685)*(V31^0.00271)*(W31^0.193),14938,3.02554205797405,0.0515,0.9682006749598,1.40350877192982,7306.891,2387.63,372.479
New  Jersey,=79221*($R32^1.83)*($S32^0.786)*($T32^0.00492)*0.439*($U32^-0.561)*($V32^0.225)*($W32^0.179)/1000,=79221*($R32^1.83)*($S32^0.786)*($T32^0.00492)*($U32^0.439)*0.225*($V32^-0.775)*($W32^0.179)/1000,=79221*($R32^1.83)*($S32^0.786)*($T32^0.00492)*($U32^0.439)*($V32^0.225)*0.179*($W32^-0.821)/1000,=+(C32*V32+D32*W32)/(V32+W32),,New  Jersey,=73.99*($P32^0.126)*($Q32^-0.326)*($R32^0.473)*($S32^0.605)*($T32^-0.0271)*0.685*($U32^-0.315)*($V32^0.00271)*($W32^0.193)/1000,=73.99*($P32^0.126)*($Q32^-0.326)*($R32^0.473)*($S32^0.605)*($T32^-0.0271)*($U32^0.685)*0.00271*($V32^-0.997)*($W32^0.193)/1000,=73.99*($P32^0.126)*($Q32^-0.326)*($R32^0.473)*($S32^0.605)*($T32^-0.0271)*($U32^0.685)*($V32^0.00271)*0.193*($W32^-0.803)/1000,=+(I32*V32+J32*W32)/(V32+W32),1748217.6,832923,=71682*(P32^0.183)*(Q32^-0.643)*(R32^1.92)*(S32^1.176)*(T32^0.0445)*(U32^0.45)*(V32^0.103)*(W32^0.149),=73.99*(P32^0.126)*(Q32^-0.326)*(R32^0.473)*(S32^0.605)*(T32^-0.0271)*(U32^0.685)*(V32^0.00271)*(W32^0.193),35097,3.06459411990633,0.0495,1.30786596649451,1.45029239766082,43975.89,10349.67,5084.44
New  Mexico,=79221*($R33^1.83)*($S33^0.786)*($T33^0.00492)*0.439*($U33^-0.561)*($V33^0.225)*($W33^0.179)/1000,=79221*($R33^1.83)*($S33^0.786)*($T33^0.00492)*($U33^0.439)*0.225*($V33^-0.775)*($W33^0.179)/1000,=79221*($R33^1.83)*($S33^0.786)*($T33^0.00492)*($U33^0.439)*($V33^0.225)*0.179*($W33^-0.821)/1000,=+(C33*V33+D33*W33)/(V33+W33),,New  Mexico,=73.99*($P33^0.126)*($Q33^-0.326)*($R33^0.473)*($S33^0.605)*($T33^-0.0271)*0.685*($U33^-0.315)*($V33^0.00271)*($W33^0.193)/1000,=73.99*($P33^0.126)*($Q33^-0.326)*($R33^0.473)*($S33^0.605)*($T33^-0.0271)*($U33^0.685)*0.00271*($V33^-0.997)*($W33^0.193)/1000,=73.99*($P33^0.126)*($Q33^-0.326)*($R33^0.473)*($S33^0.605)*($T33^-0.0271)*($U33^0.685)*($V33^0.00271)*0.193*($W33^-0.803)/1000,=+(I33*V33+J33*W33)/(V33+W33),404863.224,144159,=71682*(P33^0.183)*(Q33^-0.643)*(R33^1.92)*(S33^1.176)*(T33^0.0445)*(U33^0.45)*(V33^0.103)*(W33^0.149),=73.99*(P33^0.126)*(Q33^-0.326)*(R33^0.473)*(S33^0.605)*(T33^-0.0271)*(U33^0.685)*(V33^0.00271)*(W33^0.193),60812,3.01831013062442,0.0495,0.923257965709271,1.19457735247209,11898.768,2782.332,3770.9
New  York,=79221*($R34^1.83)*($S34^0.786)*($T34^0.00492)*0.439*($U34^-0.561)*($V34^0.225)*($W34^0.179)/1000,=79221*($R34^1.83)*($S34^0.786)*($T34^0.00492)*($U34^0.439)*0.225*($V34^-0.775)*($W34^0.179)/1000,=79221*($R34^1.83)*($S34^0.786)*($T34^0.00492)*($U34^0.439)*($V34^0.225)*0.179*($W34^-0.821)/1000,=+(C34*V34+D34*W34)/(V34+W34),,New  York,=73.99*($P34^0.126)*($Q34^-0.326)*($R34^0.473)*($S34^0.605)*($T34^-0.0271)*0.685*($U34^-0.315)*($V34^0.00271)*($W34^0.193)/1000,=73.99*($P34^0.126)*($Q34^-0.326)*($R34^0.473)*($S34^0.605)*($T34^-0.0271)*($U34^0.685)*0.00271*($V34^-0.997)*($W34^0.193)/1000,=73.99*($P34^0.126)*($Q34^-0.326)*($R34^0.473)*($S34^0.605)*($T34^-0.0271)*($U34^0.685)*($V34^0.00271)*0.193*($W34^-0.803)/1000,=+(I34*V34+J34*W34)/(V34+W34),3679098.456,1187382,=71682*(P34^0.183)*(Q34^-0.643)*(R34^1.92)*(S34^1.176)*(T34^0.0445)*(U34^0.45)*(V34^0.103)*(W34^0.149),=73.99*(P34^0.126)*(Q34^-0.326)*(R34^0.473)*(S34^0.605)*(T34^-0.0271)*(U34^0.685)*(V34^0.00271)*(W34^0.193),111882,3.03589788971131,0.0555,1.23583248410034,1.55608718766614,82650.876,18626.454,8603.67
North  Carolina,=79221*($R35^1.83)*($S35^0.786)*($T35^0.00492)*0.439*($U35^-0.561)*($V35^0.225)*($W35^0.179)/1000,=79221*($R35^1.83)*($S35^0.786)*($T35^0.00492)*($U35^0.439)*0.225*($V35^-0.775)*($W35^0.179)/1000,=79221*($R35^1.83)*($S35^0.786)*($T35^0.00492)*($U35^0.439)*($V35^0.225)*0.179*($W35^-0.821)/1000,=+(C35*V35+D35*W35)/(V35+W35),,North  Carolina,=73.99*($P35^0.126)*($Q35^-0.326)*($R35^0.473)*($S35^0.605)*($T35^-0.0271)*0.685*($U35^-0.315)*($V35^0.00271)*($W35^0.193)/1000,=73.99*($P35^0.126)*($Q35^-0.326)*($R35^0.473)*($S35^0.605)*($T35^-0.0271)*($U35^0.685)*0.00271*($V35^-0.997)*($W35^0.193)/1000,=73.99*($P35^0.126)*($Q35^-0.326)*($R35^0.473)*($S35^0.605)*($T35^-0.0271)*($U35^0.685)*($V35^0.00271)*0.193*($W35^-0.803)/1000,=+(I35*V35+J35*W35)/(V35+W35),1304284.15,714964,=71682*(P35^0.183)*(Q35^-0.643)*(R35^1.92)*(S35^1.176)*(T35^0.0445)*(U35^0.45)*(V35^0.103)*(W35^0.149),=73.99*(P35^0.126)*(Q35^-0.326)*(R35^0.473)*(S35^0.605)*(T35^-0.0271)*(U35^0.685)*(V35^0.00271)*(W35^0.193),96028,3.01589835887155,0.0475,0.904780291635753,1.37267410951622,49100.234,7226.782,11210.984
North  Dakota,=79221*($R36^1.83)*($S36^0.786)*($T36^0.00492)*0.439*($U36^-0.561)*($V36^0.225)*($W36^0.179)/1000,=79221*($R36^1.83)*($S36^0.786)*($T36^0.00492)*($U36^0.439)*0.225*($V36^-0.775)*($W36^0.179)/1000,=79221*($R36^1.83)*($S36^0.786)*($T36^0.00492)*($U36^0.439)*($V36^0.225)*0.179*($W36^-0.821)/1000,=+(C36*V36+D36*W36)/(V36+W36),,North  Dakota,=73.99*($P36^0.126)*($Q36^-0.326)*($R36^0.473)*($S36^0.605)*($T36^-0.0271)*0.685*($U36^-0.315)*($V36^0.00271)*($W36^0.193)/1000,=73.99*($P36^0.126)*($Q36^-0.326)*($R36^0.473)*($S36^0.605)*($T36^-0.0271)*($U36^0.685)*0.00271*($V36^-0.997)*($W36^0.193)/1000,=73.99*($P36^0.126)*($Q36^-0.326)*($R36^0.473)*($S36^0.605)*($T36^-0.0271)*($U36^0.685)*($V36^0.00271)*0.193*($W36^-0.803)/1000,=+(I36*V36+J36*W36)/(V36+W36),259286.74,65896,=71682*(P36^0.183)*(Q36^-0.643)*(R36^1.92)*(S36^1.176)*(T36^0.0445)*(U36^0.45)*(V36^0.103)*(W36^0.149),=73.99*(P36^0.126)*(Q36^-0.326)*(R36^0.473)*(S36^0.605)*(T36^-0.0271)*(U36^0.685)*(V36^0.00271)*(W36^0.193),86727,3.00661493116741,0.0515,0.799325040200236,2.83572567783094,4059.537,1257.567,754.896
Ohio,=79221*($R37^1.83)*($S37^0.786)*($T37^0.00492)*0.439*($U37^-0.561)*($V37^0.225)*($W37^0.179)/1000,=79221*($R37^1.83)*($S37^0.786)*($T37^0.00492)*($U37^0.439)*0.225*($V37^-0.775)*($W37^0.179)/1000,=79221*($R37^1.83)*($S37^0.786)*($T37^0.00492)*($U37^0.439)*($V37^0.225)*0.179*($W37^-0.821)/1000,=+(C37*V37+D37*W37)/(V37+W37),,Ohio,=73.99*($P37^0.126)*($Q37^-0.326)*($R37^0.473)*($S37^0.605)*($T37^-0.0271)*0.685*($U37^-0.315)*($V37^0.00271)*($W37^0.193)/1000,=73.99*($P37^0.126)*($Q37^-0.326)*($R37^0.473)*($S37^0.605)*($T37^-0.0271)*($U37^0.685)*0.00271*($V37^-0.997)*($W37^0.193)/1000,=73.99*($P37^0.126)*($Q37^-0.326)*($R37^0.473)*($S37^0.605)*($T37^-0.0271)*($U37^0.685)*($V37^0.00271)*0.193*($W37^-0.803)/1000,=+(I37*V37+J37*W37)/(V37+W37),2414702.53,947827,=71682*(P37^0.183)*(Q37^-0.643)*(R37^1.92)*(S37^1.176)*(T37^0.0445)*(U37^0.45)*(V37^0.103)*(W37^0.149),=73.99*(P37^0.126)*(Q37^-0.326)*(R37^0.473)*(S37^0.605)*(T37^-0.0271)*(U37^0.685)*(V37^0.00271)*(W37^0.193),113823,3.02199703387615,0.0515,0.999597997638507,1.19617224880383,71212.512,11766.678,12241.81
Oklahoma,=79221*($R38^1.83)*($S38^0.786)*($T38^0.00492)*0.439*($U38^-0.561)*($V38^0.225)*($W38^0.179)/1000,=79221*($R38^1.83)*($S38^0.786)*($T38^0.00492)*($U38^0.439)*0.225*($V38^-0.775)*($W38^0.179)/1000,=79221*($R38^1.83)*($S38^0.786)*($T38^0.00492)*($U38^0.439)*($V38^0.225)*0.179*($W38^-0.821)/1000,=+(C38*V38+D38*W38)/(V38+W38),,Oklahoma,=73.99*($P38^0.126)*($Q38^-0.326)*($R38^0.473)*($S38^0.605)*($T38^-0.0271)*0.685*($U38^-0.315)*($V38^0.00271)*($W38^0.193)/1000,=73.99*($P38^0.126)*($Q38^-0.326)*($R38^0.473)*($S38^0.605)*($T38^-0.0271)*($U38^0.685)*0.00271*($V38^-0.997)*($W38^0.193)/1000,=73.99*($P38^0.126)*($Q38^-0.326)*($R38^0.473)*($S38^0.605)*($T38^-0.0271)*($U38^0.685)*($V38^0.00271)*0.193*($W38^-0.803)/1000,=+(I38*V38+J38*W38)/(V38+W38),732255.964,318259,=71682*(P38^0.183)*(Q38^-0.643)*(R38^1.92)*(S38^1.176)*(T38^0.0445)*(U38^0.45)*(V38^0.103)*(W38^0.149),=73.99*(P38^0.126)*(Q38^-0.326)*(R38^0.473)*(S38^0.605)*(T38^-0.0271)*(U38^0.685)*(V38^0.00271)*(W38^0.193),112467,3.0105567351634,0.0515,0.851923837513099,1.46305156831473,23173.108,7652.82,4293.072
Oregon,=79221*($R39^1.83)*($S39^0.786)*($T39^0.00492)*0.439*($U39^-0.561)*($V39^0.225)*($W39^0.179)/1000,=79221*($R39^1.83)*($S39^0.786)*($T39^0.00492)*($U39^0.439)*0.225*($V39^-0.775)*($W39^0.179)/1000,=79221*($R39^1.83)*($S39^0.786)*($T39^0.00492)*($U39^0.439)*($V39^0.225)*0.179*($W39^-0.821)/1000,=+(C39*V39+D39*W39)/(V39+W39),,Oregon,=73.99*($P39^0.126)*($Q39^-0.326)*($R39^0.473)*($S39^0.605)*($T39^-0.0271)*0.685*($U39^-0.315)*($V39^0.00271)*($W39^0.193)/1000,=73.99*($P39^0.126)*($Q39^-0.326)*($R39^0.473)*($S39^0.605)*($T39^-0.0271)*($U39^0.685)*0.00271*($V39^-0.997)*($W39^0.193)/1000,=73.99*($P39^0.126)*($Q39^-0.326)*($R39^0.473)*($S39^0.605)*($T39^-0.0271)*($U39^0.685)*($V39^0.00271)*0.193*($W39^-0.803)/1000,=+(I39*V39+J39*W39)/(V39+W39),697221.478,274651,=71682*(P39^0.183)*(Q39^-0.643)*(R39^1.92)*(S39^1.176)*(T39^0.0445)*(U39^0.45)*(V39^0.103)*(W39^0.149),=73.99*(P39^0.126)*(Q39^-0.326)*(R39^0.473)*(S39^0.605)*(T39^-0.0271)*(U39^0.685)*(V39^0.00271)*(W39^0.193),96036,3.00992142152199,0.0515,1.02245583747846,1.46411483253589,16551.498,8163.83,3210.672
Pennsylvania,=79221*($R40^1.83)*($S40^0.786)*($T40^0.00492)*0.439*($U40^-0.561)*($V40^0.225)*($W40^0.179)/1000,=79221*($R40^1.83)*($S40^0.786)*($T40^0.00492)*($U40^0.439)*0.225*($V40^-0.775)*($W40^0.179)/1000,=79221*($R40^1.83)*($S40^0.786)*($T40^0.00492)*($U40^0.439)*($V40^0.225)*0.179*($W40^-0.821)/1000,=+(C40*V40+D40*W40)/(V40+W40),,Pennsylvania,=73.99*($P40^0.126)*($Q40^-0.326)*($R40^0.473)*($S40^0.605)*($T40^-0.0271)*0.685*($U40^-0.315)*($V40^0.00271)*($W40^0.193)/1000,=73.99*($P40^0.126)*($Q40^-0.326)*($R40^0.473)*($S40^0.605)*($T40^-0.0271)*($U40^0.685)*0.00271*($V40^-0.997)*($W40^0.193)/1000,=73.99*($P40^0.126)*($Q40^-0.326)*($R40^0.473)*($S40^0.605)*($T40^-0.0271)*($U40^0.685)*($V40^0.00271)*0.193*($W40^-0.803)/1000,=+(I40*V40+J40*W40)/(V40+W40),2674559.19,1120473,=71682*(P40^0.183)*(Q40^-0.643)*(R40^1.92)*(S40^1.176)*(T40^0.0445)*(U40^0.45)*(V40^0.103)*(W40^0.149),=73.99*(P40^0.126)*(Q40^-0.326)*(R40^0.473)*(S40^0.605)*(T40^-0.0271)*(U40^0.685)*(V40^0.00271)*(W40^0.193),117038,3.02158085470849,0.0535,1.09945841549001,1.61935140882509,60862.183,14562.447,13775.37
Rhode  Island,=79221*($R41^1.83)*($S41^0.786)*($T41^0.00492)*0.439*($U41^-0.561)*($V41^0.225)*($W41^0.179)/1000,=79221*($R41^1.83)*($S41^0.786)*($T41^0.00492)*($U41^0.439)*0.225*($V41^-0.775)*($W41^0.179)/1000,=79221*($R41^1.83)*($S41^0.786)*($T41^0.00492)*($U41^0.439)*($V41^0.225)*0.179*($W41^-0.821)/1000,=+(C41*V41+D41*W41)/(V41+W41),,Rhode  Island,=73.99*($P41^0.126)*($Q41^-0.326)*($R41^0.473)*($S41^0.605)*($T41^-0.0271)*0.685*($U41^-0.315)*($V41^0.00271)*($W41^0.193)/1000,=73.99*($P41^0.126)*($Q41^-0.326)*($R41^0.473)*($S41^0.605)*($T41^-0.0271)*($U41^0.685)*0.00271*($V41^-0.997)*($W41^0.193)/1000,=73.99*($P41^0.126)*($Q41^-0.326)*($R41^0.473)*($S41^0.605)*($T41^-0.0271)*($U41^0.685)*($V41^0.00271)*0.193*($W41^-0.803)/1000,=+(I41*V41+J41*W41)/(V41+W41),192876.138,65703,=71682*(P41^0.183)*(Q41^-0.643)*(R41^1.92)*(S41^1.176)*(T41^0.0445)*(U41^0.45)*(V41^0.103)*(W41^0.149),=73.99*(P41^0.126)*(Q41^-0.326)*(R41^0.473)*(S41^0.605)*(T41^-0.0271)*(U41^0.685)*(V41^0.00271)*(W41^0.193),6057,3.0586774851994,0.0535,1.14193498098969,1.65709728867624,5982.062,1091.001,485.937
South  Carolina,=79221*($R42^1.83)*($S42^0.786)*($T42^0.00492)*0.439*($U42^-0.561)*($V42^0.225)*($W42^0.179)/1000,=79221*($R42^1.83)*($S42^0.786)*($T42^0.00492)*($U42^0.439)*0.225*($V42^-0.775)*($W42^0.179)/1000,=79221*($R42^1.83)*($S42^0.786)*($T42^0.00492)*($U42^0.439)*($V42^0.225)*0.179*($W42^-0.821)/1000,=+(C42*V42+D42*W42)/(V42+W42),,South  Carolina,=73.99*($P42^0.126)*($Q42^-0.326)*($R42^0.473)*($S42^0.605)*($T42^-0.0271)*0.685*($U42^-0.315)*($V42^0.00271)*($W42^0.193)/1000,=73.99*($P42^0.126)*($Q42^-0.326)*($R42^0.473)*($S42^0.605)*($T42^-0.0271)*($U42^0.685)*0.00271*($V42^-0.997)*($W42^0.193)/1000,=73.99*($P42^0.126)*($Q42^-0.326)*($R42^0.473)*($S42^0.605)*($T42^-0.0271)*($U42^0.685)*($V42^0.00271)*0.193*($W42^-0.803)/1000,=+(I42*V42+J42*W42)/(V42+W42),538620.01,266278,=71682*(P42^0.183)*(Q42^-0.643)*(R42^1.92)*(S42^1.176)*(T42^0.0445)*(U42^0.45)*(V42^0.103)*(W42^0.149),=73.99*(P42^0.126)*(Q42^-0.326)*(R42^0.473)*(S42^0.605)*(T42^-0.0271)*(U42^0.685)*(V42^0.00271)*(W42^0.193),64158,3.01696359569449,0.0475,0.888621528850345,1.32323232323232,25580.754,3924.234,5544.012
South  Dakota,=79221*($R43^1.83)*($S43^0.786)*($T43^0.00492)*0.439*($U43^-0.561)*($V43^0.225)*($W43^0.179)/1000,=79221*($R43^1.83)*($S43^0.786)*($T43^0.00492)*($U43^0.439)*0.225*($V43^-0.775)*($W43^0.179)/1000,=79221*($R43^1.83)*($S43^0.786)*($T43^0.00492)*($U43^0.439)*($V43^0.225)*0.179*($W43^-0.821)/1000,=+(C43*V43+D43*W43)/(V43+W43),,South  Dakota,=73.99*($P43^0.126)*($Q43^-0.326)*($R43^0.473)*($S43^0.605)*($T43^-0.0271)*0.685*($U43^-0.315)*($V43^0.00271)*($W43^0.193)/1000,=73.99*($P43^0.126)*($Q43^-0.326)*($R43^0.473)*($S43^0.605)*($T43^-0.0271)*($U43^0.685)*0.00271*($V43^-0.997)*($W43^0.193)/1000,=73.99*($P43^0.126)*($Q43^-0.326)*($R43^0.473)*($S43^0.605)*($T43^-0.0271)*($U43^0.685)*($V43^0.00271)*0.193*($W43^-0.803)/1000,=+(I43*V43+J43*W43)/(V43+W43),287239.62,83892,=71682*(P43^0.183)*(Q43^-0.643)*(R43^1.92)*(S43^1.176)*(T43^0.0445)*(U43^0.45)*(V43^0.103)*(W43^0.149),=73.99*(P43^0.126)*(Q43^-0.326)*(R43^0.473)*(S43^0.605)*(T43^-0.0271)*(U43^0.685)*(V43^0.00271)*(W43^0.193),83305,3.008174779425,0.0525,0.793656590384854,0.680489101541733,5380.502,1191.452,646.046
Tennessee,=79221*($R44^1.83)*($S44^0.786)*($T44^0.00492)*0.439*($U44^-0.561)*($V44^0.225)*($W44^0.179)/1000,=79221*($R44^1.83)*($S44^0.786)*($T44^0.00492)*($U44^0.439)*0.225*($V44^-0.775)*($W44^0.179)/1000,=79221*($R44^1.83)*($S44^0.786)*($T44^0.00492)*($U44^0.439)*($V44^0.225)*0.179*($W44^-0.821)/1000,=+(C44*V44+D44*W44)/(V44+W44),,Tennessee,=73.99*($P44^0.126)*($Q44^-0.326)*($R44^0.473)*($S44^0.605)*($T44^-0.0271)*0.685*($U44^-0.315)*($V44^0.00271)*($W44^0.193)/1000,=73.99*($P44^0.126)*($Q44^-0.326)*($R44^0.473)*($S44^0.605)*($T44^-0.0271)*($U44^0.685)*0.00271*($V44^-0.997)*($W44^0.193)/1000,=73.99*($P44^0.126)*($Q44^-0.326)*($R44^0.473)*($S44^0.605)*($T44^-0.0271)*($U44^0.685)*($V44^0.00271)*0.193*($W44^-0.803)/1000,=+(I44*V44+J44*W44)/(V44+W44),956715.94,323422,=71682*(P44^0.183)*(Q44^-0.643)*(R44^1.92)*(S44^1.176)*(T44^0.0445)*(U44^0.45)*(V44^0.103)*(W44^0.149),=73.99*(P44^0.126)*(Q44^-0.326)*(R44^0.473)*(S44^0.605)*(T44^-0.0271)*(U44^0.685)*(V44^0.00271)*(W44^0.193),85037,3.018488076576,0.0475,0.913282966358826,1.21105794790005,33838.357,8757.104,7398.539
Texas,=79221*($R45^1.83)*($S45^0.786)*($T45^0.00492)*0.439*($U45^-0.561)*($V45^0.225)*($W45^0.179)/1000,=79221*($R45^1.83)*($S45^0.786)*($T45^0.00492)*($U45^0.439)*0.225*($V45^-0.775)*($W45^0.179)/1000,=79221*($R45^1.83)*($S45^0.786)*($T45^0.00492)*($U45^0.439)*($V45^0.225)*0.179*($W45^-0.821)/1000,=+(C45*V45+D45*W45)/(V45+W45),,Texas,=73.99*($P45^0.126)*($Q45^-0.326)*($R45^0.473)*($S45^0.605)*($T45^-0.0271)*0.685*($U45^-0.315)*($V45^0.00271)*($W45^0.193)/1000,=73.99*($P45^0.126)*($Q45^-0.326)*($R45^0.473)*($S45^0.605)*($T45^-0.0271)*($U45^0.685)*0.00271*($V45^-0.997)*($W45^0.193)/1000,=73.99*($P45^0.126)*($Q45^-0.326)*($R45^0.473)*($S45^0.605)*($T45^-0.0271)*($U45^0.685)*($V45^0.00271)*0.193*($W45^-0.803)/1000,=+(I45*V45+J45*W45)/(V45+W45),4206402.996,1937217,=71682*(P45^0.183)*(Q45^-0.643)*(R45^1.92)*(S45^1.176)*(T45^0.0445)*(U45^0.45)*(V45^0.103)*(W45^0.149),=73.99*(P45^0.126)*(Q45^-0.326)*(R45^0.473)*(S45^0.605)*(T45^-0.0271)*(U45^0.685)*(V45^0.00271)*(W45^0.193),294142,3.02235915870122,0.0515,0.918620143133049,1.68846358320043,112296.492,32682.15,18350.358
Utah,=79221*($R46^1.83)*($S46^0.786)*($T46^0.00492)*0.439*($U46^-0.561)*($V46^0.225)*($W46^0.179)/1000,=79221*($R46^1.83)*($S46^0.786)*($T46^0.00492)*($U46^0.439)*0.225*($V46^-0.775)*($W46^0.179)/1000,=79221*($R46^1.83)*($S46^0.786)*($T46^0.00492)*($U46^0.439)*($V46^0.225)*0.179*($W46^-0.821)/1000,=+(C46*V46+D46*W46)/(V46+W46),,Utah,=73.99*($P46^0.126)*($Q46^-0.326)*($R46^0.473)*($S46^0.605)*($T46^-0.0271)*0.685*($U46^-0.315)*($V46^0.00271)*($W46^0.193)/1000,=73.99*($P46^0.126)*($Q46^-0.326)*($R46^0.473)*($S46^0.605)*($T46^-0.0271)*($U46^0.685)*0.00271*($V46^-0.997)*($W46^0.193)/1000,=73.99*($P46^0.126)*($Q46^-0.326)*($R46^0.473)*($S46^0.605)*($T46^-0.0271)*($U46^0.685)*($V46^0.00271)*0.193*($W46^-0.803)/1000,=+(I46*V46+J46*W46)/(V46+W46),378172.36,132076,=71682*(P46^0.183)*(Q46^-0.643)*(R46^1.92)*(S46^1.176)*(T46^0.0445)*(U46^0.45)*(V46^0.103)*(W46^0.149),=73.99*(P46^0.126)*(Q46^-0.326)*(R46^0.473)*(S46^0.605)*(T46^-0.0271)*(U46^0.685)*(V46^0.00271)*(W46^0.193),40508,3.03164627188816,0.0475,0.891529369989405,1.29930887825625,11229.492,3429.027,1648.481
Vermont,=79221*($R47^1.83)*($S47^0.786)*($T47^0.00492)*0.439*($U47^-0.561)*($V47^0.225)*($W47^0.179)/1000,=79221*($R47^1.83)*($S47^0.786)*($T47^0.00492)*($U47^0.439)*0.225*($V47^-0.775)*($W47^0.179)/1000,=79221*($R47^1.83)*($S47^0.786)*($T47^0.00492)*($U47^0.439)*($V47^0.225)*0.179*($W47^-0.821)/1000,=+(C47*V47+D47*W47)/(V47+W47),,Vermont,=73.99*($P47^0.126)*($Q47^-0.326)*($R47^0.473)*($S47^0.605)*($T47^-0.0271)*0.685*($U47^-0.315)*($V47^0.00271)*($W47^0.193)/1000,=73.99*($P47^0.126)*($Q47^-0.326)*($R47^0.473)*($S47^0.605)*($T47^-0.0271)*($U47^0.685)*0.00271*($V47^-0.997)*($W47^0.193)/1000,=73.99*($P47^0.126)*($Q47^-0.326)*($R47^0.473)*($S47^0.605)*($T47^-0.0271)*($U47^0.685)*($V47^0.00271)*0.193*($W47^-0.803)/1000,=+(I47*V47+J47*W47)/(V47+W47),158338.898,45887,=71682*(P47^0.183)*(Q47^-0.643)*(R47^1.92)*(S47^1.176)*(T47^0.0445)*(U47^0.45)*(V47^0.103)*(W47^0.149),=73.99*(P47^0.126)*(Q47^-0.326)*(R47^0.473)*(S47^0.605)*(T47^-0.0271)*(U47^0.685)*(V47^0.00271)*(W47^0.193),14166,3.02400112946492,0.0515,0.919798002834947,1.74534821903243,4814.403,911.26,293.337
Virginia,=79221*($R48^1.83)*($S48^0.786)*($T48^0.00492)*0.439*($U48^-0.561)*($V48^0.225)*($W48^0.179)/1000,=79221*($R48^1.83)*($S48^0.786)*($T48^0.00492)*($U48^0.439)*0.225*($V48^-0.775)*($W48^0.179)/1000,=79221*($R48^1.83)*($S48^0.786)*($T48^0.00492)*($U48^0.439)*($V48^0.225)*0.179*($W48^-0.821)/1000,=+(C48*V48+D48*W48)/(V48+W48),,Virginia,=73.99*($P48^0.126)*($Q48^-0.326)*($R48^0.473)*($S48^0.605)*($T48^-0.0271)*0.685*($U48^-0.315)*($V48^0.00271)*($W48^0.193)/1000,=73.99*($P48^0.126)*($Q48^-0.326)*($R48^0.473)*($S48^0.605)*($T48^-0.0271)*($U48^0.685)*0.00271*($V48^-0.997)*($W48^0.193)/1000,=73.99*($P48^0.126)*($Q48^-0.326)*($R48^0.473)*($S48^0.605)*($T48^-0.0271)*($U48^0.685)*($V48^0.00271)*0.193*($W48^-0.803)/1000,=+(I48*V48+J48*W48)/(V48+W48),1591538.04,740430,=71682*(P48^0.183)*(Q48^-0.643)*(R48^1.92)*(S48^1.176)*(T48^0.0445)*(U48^0.45)*(V48^0.103)*(W48^0.149),=73.99*(P48^0.126)*(Q48^-0.326)*(R48^0.473)*(S48^0.605)*(T48^-0.0271)*(U48^0.685)*(V48^0.00271)*(W48^0.193),68429,3.03122065149318,0.0475,1.06846598208383,1.34662413609782,46783.497,10532.202,6131.301
Washington,=79221*($R49^1.83)*($S49^0.786)*($T49^0.00492)*0.439*($U49^-0.561)*($V49^0.225)*($W49^0.179)/1000,=79221*($R49^1.83)*($S49^0.786)*($T49^0.00492)*($U49^0.439)*0.225*($V49^-0.775)*($W49^0.179)/1000,=79221*($R49^1.83)*($S49^0.786)*($T49^0.00492)*($U49^0.439)*($V49^0.225)*0.179*($W49^-0.821)/1000,=+(C49*V49+D49*W49)/(V49+W49),,Washington,=73.99*($P49^0.126)*($Q49^-0.326)*($R49^0.473)*($S49^0.605)*($T49^-0.0271)*0.685*($U49^-0.315)*($V49^0.00271)*($W49^0.193)/1000,=73.99*($P49^0.126)*($Q49^-0.326)*($R49^0.473)*($S49^0.605)*($T49^-0.0271)*($U49^0.685)*0.00271*($V49^-0.997)*($W49^0.193)/1000,=73.99*($P49^0.126)*($Q49^-0.326)*($R49^0.473)*($S49^0.605)*($T49^-0.0271)*($U49^0.685)*($V49^0.00271)*0.193*($W49^-0.803)/1000,=+(I49*V49+J49*W49)/(V49+W49),1227056.05,476665,=71682*(P49^0.183)*(Q49^-0.643)*(R49^1.92)*(S49^1.176)*(T49^0.0445)*(U49^0.45)*(V49^0.103)*(W49^0.149),=73.99*(P49^0.126)*(Q49^-0.326)*(R49^0.473)*(S49^0.605)*(T49^-0.0271)*(U49^0.685)*(V49^0.00271)*(W49^0.193),79428,3.02470381897398,0.0515,1.09397400625305,1.50398724082935,33718.908,12475.896,3191.196
West  Virginia,=79221*($R50^1.83)*($S50^0.786)*($T50^0.00492)*0.439*($U50^-0.561)*($V50^0.225)*($W50^0.179)/1000,=79221*($R50^1.83)*($S50^0.786)*($T50^0.00492)*($U50^0.439)*0.225*($V50^-0.775)*($W50^0.179)/1000,=79221*($R50^1.83)*($S50^0.786)*($T50^0.00492)*($U50^0.439)*($V50^0.225)*0.179*($W50^-0.821)/1000,=+(C50*V50+D50*W50)/(V50+W50),,West  Virginia,=73.99*($P50^0.126)*($Q50^-0.326)*($R50^0.473)*($S50^0.605)*($T50^-0.0271)*0.685*($U50^-0.315)*($V50^0.00271)*($W50^0.193)/1000,=73.99*($P50^0.126)*($Q50^-0.326)*($R50^0.473)*($S50^0.605)*($T50^-0.0271)*($U50^0.685)*0.00271*($V50^-0.997)*($W50^0.193)/1000,=73.99*($P50^0.126)*($Q50^-0.326)*($R50^0.473)*($S50^0.605)*($T50^-0.0271)*($U50^0.685)*($V50^0.00271)*0.193*($W50^-0.803)/1000,=+(I50*V50+J50*W50)/(V50+W50),700326.254,214790,=71682*(P50^0.183)*(Q50^-0.643)*(R50^1.92)*(S50^1.176)*(T50^0.0445)*(U50^0.45)*(V50^0.103)*(W50^0.149),=73.99*(P50^0.126)*(Q50^-0.326)*(R50^0.473)*(S50^0.605)*(T50^-0.0271)*(U50^0.685)*(V50^0.00271)*(W50^0.193),35045,3.01855861346459,0.0535,0.869186843769036,1.4093567251462,11681.166,2223.228,2573.606
Wisconsin,=79221*($R51^1.83)*($S51^0.786)*($T51^0.00492)*0.439*($U51^-0.561)*($V51^0.225)*($W51^0.179)/1000,=79221*($R51^1.83)*($S51^0.786)*($T51^0.00492)*($U51^0.439)*0.225*($V51^-0.775)*($W51^0.179)/1000,=79221*($R51^1.83)*($S51^0.786)*($T51^0.00492)*($U51^0.439)*($V51^0.225)*0.179*($W51^-0.821)/1000,=+(C51*V51+D51*W51)/(V51+W51),,Wisconsin,=73.99*($P51^0.126)*($Q51^-0.326)*($R51^0.473)*($S51^0.605)*($T51^-0.0271)*0.685*($U51^-0.315)*($V51^0.00271)*($W51^0.193)/1000,=73.99*($P51^0.126)*($Q51^-0.326)*($R51^0.473)*($S51^0.605)*($T51^-0.0271)*($U51^0.685)*0.00271*($V51^-0.997)*($W51^0.193)/1000,=73.99*($P51^0.126)*($Q51^-0.326)*($R51^0.473)*($S51^0.605)*($T51^-0.0271)*($U51^0.685)*($V51^0.00271)*0.193*($W51^-0.803)/1000,=+(I51*V51+J51*W51)/(V51+W51),1141937.082,463281,=71682*(P51^0.183)*(Q51^-0.643)*(R51^1.92)*(S51^1.176)*(T51^0.0445)*(U51^0.45)*(V51^0.103)*(W51^0.149),=73.99*(P51^0.126)*(Q51^-0.326)*(R51^0.473)*(S51^0.605)*(T51^-0.0271)*(U51^0.685)*(V51^0.00271)*(W51^0.193),110978,3.01048147591276,0.0515,1.00221137385209,0.110579479000532,36560.505,5637.411,5430.084
Wyoming,=79221*($R52^1.83)*($S52^0.786)*($T52^0.00492)*0.439*($U52^-0.561)*($V52^0.225)*($W52^0.179)/1000,=79221*($R52^1.83)*($S52^0.786)*($T52^0.00492)*($U52^0.439)*0.225*($V52^-0.775)*($W52^0.179)/1000,=79221*($R52^1.83)*($S52^0.786)*($T52^0.00492)*($U52^0.439)*($V52^0.225)*0.179*($W52^-0.821)/1000,=+(C52*V52+D52*W52)/(V52+W52),,Wyoming,=73.99*($P52^0.126)*($Q52^-0.326)*($R52^0.473)*($S52^0.605)*($T52^-0.0271)*0.685*($U52^-0.315)*($V52^0.00271)*($W52^0.193)/1000,=73.99*($P52^0.126)*($Q52^-0.326)*($R52^0.473)*($S52^0.605)*($T52^-0.0271)*($U52^0.685)*0.00271*($V52^-0.997)*($W52^0.193)/1000,=73.99*($P52^0.126)*($Q52^-0.326)*($R52^0.473)*($S52^0.605)*($T52^-0.0271)*($U52^0.685)*($V52^0.00271)*0.193*($W52^-0.803)/1000,=+(I52*V52+J52*W52)/(V52+W52),303554.8,78544,=71682*(P52^0.183)*(Q52^-0.643)*(R52^1.92)*(S52^1.176)*(T52^0.0445)*(U52^0.45)*(V52^0.103)*(W52^0.149),=73.99*(P52^0.126)*(Q52^-0.326)*(R52^0.473)*(S52^0.605)*(T52^-0.0271)*(U52^0.685)*(V52^0.00271)*(W52^0.193),37642,3.02436108602093,0.0525,0.856708892552058,0.961190855927698,2785.611,1683.087,1748.302
,,,,,,,,,,,=NA(),0,=71682*(P53^0.183)*(Q53^-0.643)*(R53^1.92)*(S53^1.176)*(T53^0.0445)*(U53^0.45)*(V53^0.103)*(W53^0.149),=73.99*(P53^0.126)*(Q53^-0.326)*(R53^0.473)*(S53^0.605)*(T53^-0.0271)*(U53^0.685)*(V53^0.00271)*(W53^0.193),, ,=NA(),0,,,,
Total,,,,,,Total,,,,,59065592.456,20984828,=71682*(P54^0.183)*(Q54^-0.643)*(R54^1.92)*(S54^1.176)*(T54^0.0445)*(U54^0.45)*(V54^0.103)*(W54^0.149),=73.99*(P54^0.126)*(Q54^-0.326)*(R54^0.473)*(S54^0.605)*(T54^-0.0271)*(U54^0.685)*(V54^0.00271)*(W54^0.193),3904721, ,0.0595,1,,=SUM(U2:U52),=SUM(V2:V52),=SUM(W2:W52)
Average,=79221*($R55^1.83)*($S55^0.786)*($T55^0.00492)*0.439*($U55^-0.561)*($V55^0.225)*($W55^0.179)/1000,=79221*($R55^1.83)*($S55^0.786)*($T55^0.00492)*($U55^0.439)*0.225*($V55^-0.775)*($W55^0.179)/1000,=79221*($R55^1.83)*($S55^0.786)*($T55^0.00492)*($U55^0.439)*($V55^0.225)*0.179*($W55^-0.821)/1000,=+(C55*V55+D55*W55)/(V55+W55),,Average,=AVERAGE(H2:H52),=AVERAGE(I2:I52),=AVERAGE(J2:J52),=AVERAGE(K2:K52),,,,,=+AVERAGE(P2:P52),3.02389669986842,=AVERAGE(R2:R52),=AVERAGE(S2:S52),=AVERAGE(T2:T52),=SUM(U2:U52),=SUM(V2:V52),=SUM(W2:W52)
,=AVERAGE(B2:B52),=AVERAGE(C2:C52),=AVERAGE(D2:D52),=AVERAGE(E2:E52),,,,,,,,,,,,,,,,,,
