,PGOVSAL93,PGOVSAL94,PBITCONC93,PEXCAV93,PREINFSTL93,PSTRUCTSTL93,PSTRUCCON93,POP90(THSD),SQMILES,POPDENS=LAND,CAPTOTTOT93,MILTOTTOT93,MILES92,NETMILES,PCAPperMIL93,BONDRATE (Moody's)
Alabama,25028,26376,25.49,1.6,0.419,0.862,217.9,4089,52423,78.0001144535795,470232,92209,92201,8,58779,  AA
Alaska,37943,38889,31.89,1.89,0.464,1.161,855.03,570,591004,0.964460477424857,242000,13849,13634,215,1125.58139534884,  AA
Arizona,24995,25906,22.42,5.21,0.354,1.62,206.73,3750,114006,32.8930056312826,480799,55763,55969,-206,-2333.97572815534,   X
Arkansas,22793,23336,26.28,1.31,0.544,0.674,259.97,2372,53182,44.6015569177541,362332,77192,77162,30,12077.7333333333,  AA
California,33080,33795,28.79,3.15,0.414,1.07,256.86,30380,163707,185.575448820148,2135323,169201,168378,823,2594.56014580802,  A1
Colorado,27380,28148,28.35,2.48,0.362,0.79,201.17,3377,104091,32.4427664255315,341276,78721,78043,678,503.356932153392,   X
Connecticut,35320,36143,32.4,5.33,0.631,0.887,336.99,3291,5544,593.614718614719,588122,20357,20280,77,7637.94805194805,  AA
Delaware,28593,29298,26.85,3.4,0.632,0.632,261.13,680,2489,273.202089192447,205535,5544,5524,20,10276.75, AA1
Dist.  of  Col.,43855,46872,54.49,10.13,0.488,0.898,616,598,67,8925.37313432836,108194,1107,1104,3,36064.6666666667,   X
Florida,27116,27315,19.02,2.51,0.377,0.66,320.1,13277,65758,201.906992305119,1684969,112808,110640,2168,777.199723247232,  AA
Georgia,24431,24890,30.47,2.14,0.399,0.868,308.24,6623,59441,111.421409464848,737696,110879,110790,89,8288.7191011236, AAA
Hawaii,30420,31136,65.14,18.58,0.585,0.585,616.43,1135,6470,175.425038639876,303746,4106,4106,0,NA,  AA
Idaho,22276,23261,21.82,2.79,0.482,0.714,242.58,1039,83574,12.4320961064446,124933,58835,58588,247,505.801619433198,   X
Illinois,29712,30507,29.97,4.26,0.605,0.868,387.64,11543,57918,199.299008943679,1469756,136965,136402,563,2610.57904085258,  A1
Indiana,25309,25876,22.9,6.97,0.474,0.811,295.89,5610,36420,154.036243822076,635631,92374,92054,320,1986.346875,   X
Iowa,24183,24735,22.93,2.17,0.43,0.782,242.23,2795,56276,49.6659321913427,412640,112708,112586,122,3382.29508196721,   X
Kansas,22923,23243,24.42,2.15,0.553,0.755,279.65,2495,82282,30.3225492817384,433598,133256,133655,-399,-1086.71177944862,   X
Kentucky,23908,24444,28.41,7.43,0.513,0.792,307.8,3713,40411,91.8809235109252,NA,72632,71765,867,NA,  AA
Louisiana,22383,22775,28.62,5.79,0.325,0.685,215.76,4252,51843,82.0168585922883,598835,59599,58629,970,617.355670103093,BAA1
Maine,24466,25076,24.53,4.24,0.811,0.806,300.09,1235,35387,34.8998219685195,138465,22510,22481,29,4774.65517241379,  AA
Maryland,32930,34052,26.2,2.48,0.505,0.808,286.69,4860,12407,391.71435479971,471633,29313,29172,141,3344.91489361702, AAA
Massachusetts,31609,33039,28.96,3.17,0.719,0.683,93.8,5996,10555,568.072003789673,NA,30563,34323,-3760,NA,  A1
Michigan,30074,30740,26.64,3.23,0.557,1.1,268.24,9368,96810,96.7668629273835,561494,117659,117520,139,4039.52517985612,  A1
Minnesota,28052,28807,19.28,1.58,0.447,0.825,150.76,4432,86943,50.9759267566107,608127,129959,129622,337,1804.53115727003, AA1
Mississippi,20777,21643,29.17,1.65,0.334,0.74,211.04,2592,48434,53.5161250361316,433576,72834,72795,39,11117.3333333333,  AA
Missouri,24807,25475,23.54,2.57,0.606,0.771,317.83,5158,69709,73.9933150669211,500132,121787,121424,363,1377.7741046832, AAA
Montana ,23744,24180,23.74,3.21,0.513,0.655,238.51,808,147046,5.49487915346218,190349,69768,70357,-589,-323.173174872666,  AA
Nebraska,23214,23698,22.21,2.03,0.781,0.635,304.88,1593,77355,20.5933682373473,272526,92702,92686,16,17032.875,   X
Nevada,30929,31617,20.67,3.33,0.478,0.994,236.94,1284,110567,11.612868215652,NA,45778,45657,121,NA,  AA
New  Hampshire,26304,27116,26.4,3.09,0.482,1.115,209.89,1105,9351,118.16917976687,171552,14938,14913,25,6862.08,  AA
New  Jersey,35532,37039,27.28,7.11,0.75,1.175,320.62,7760,8722,889.704196285256,1041696,35097,34286,811,1284.45869297164, AA1
New  Mexico,25083,26013,22.47,2.68,0.592,2.241,298.37,1548,121598,12.7304725406668,316817,60812,61195,-383,-827.198433420366, AA1
New  York,33575,34776,29.27,4.76,0.727,0.978,426.54,18058,54475,331.491509866911,2205223,111882,111686,196,11251.137755102,   A
North  Carolina,24581,25105,25.82,1.92,0.448,0.826,250.09,6737,53821,125.174188513777,820790,96028,95582,446,1840.33632286996, AAA
North  Dakota,21716,22248,53.34,1.02,0.581,2.157,328.51,635,70704,8.98110432224485,123086,86727,86648,79,1558.05063291139,  AA
Ohio,27157,27951,22.5,3.66,0.467,0.704,269.34,10939,44828,244.021593646828,822230,113823,113823,0,NA,  AA
Oklahoma,23145,23594,27.52,2.16,0.467,1.126,213.21,3175,69903,45.4200821137862,333481,112467,112432,35,9528.02857142857,  AA
Oregon,27778,28609,27.54,7.14,0.456,0.665,252.68,2922,98386,29.6993474681357,317143,96036,95237,799,396.924906132666,  AA
Pennsylvania,29870,30653,30.46,3.7,0.634,0.998,317.11,11961,46058,259.694298493204,1285147,117038,116788,250,5140.588,  A1
Rhode  Island,31024,31778,31.17,3.35,0.483,0.885,247.97,1004,1545,649.838187702265,221563,6057,6120,-63,-3516.87301587302,  A1
South  Carolina,24142,24336,24.89,2.66,0.443,0.851,218.8,3560,32007,111.225669384822,406976,64158,64129,29,14033.6551724138, AAA
South  Dakota,21562,22336,12.8,1.22,0.47,0.47,204.59,703,77121,9.11554570091155,189051,83305,83299,6,31508.5,   X
Tennessee,24812,25975,22.78,1.93,0.443,0.834,220.25,4953,42146,117.520049352252,569278,85037,85144,-107,-5320.35514018692, AAA
Texas,24957,25297,31.76,2.66,0.322,0.748,221.41,17349,268601,64.5902286290818,1978812,294142,293317,825,2398.56,  AA
Utah,24221,25060,24.44,2.63,0.466,1.481,208.36,1770,84904,20.8470743427872,230994,40508,43270,-2762,-83.6328747284576, AAA
Vermont,24989,25253,32.83,2.13,0.491,0.82,263.2,567,9615,58.9703588143526,109862,14166,14145,21,5231.52380952381,  AA
Virginia,29028,29528,25.33,2.72,0.495,0.795,269.71,6286,42769,146.975613177769,625766,68429,68429,0,NA, AAA
Washington,29721,30132,28.29,2.37,0.524,0.976,306.82,5018,71303,70.3757205166683,676259,79428,79413,15,45083.9333333333,  AA
West  Virginia,23614,23939,26.51,3.04,0.535,0.961,305.65,1801,24231,74.3262762576864,467439,35045,34919,126,3709.83333333333,  A1
Wisconsin,27228,27826,2.08,1.65,0.44,1.083,171.78,4955,65503,75.6453902874678,650001,110978,110371,607,1070.84184514003,  AA
Wyoming,23275,23522,18.08,1.26,0.555,0.555,268,460,97818,4.70261097139586,158786,37642,39022,-1380,-115.06231884058,   X
Undistributed,,,,,,,,,,,,0,,0,,
Total,,,18.81,2.5,0.467,0.861,261.89,252181,3717528,67.8356692942192,28233871,3904721,3901715,3006,,
"Average Price of Bituminous Concrete (Contract Price per Ton) p.7 (TE183.U5) ""Price Trends for Federal Aid Highway Construction, Fourth Quarter 1993",,,,,,,,,,,,,,,,
"Average Price of Common Excavation (Contract Price per cu yd) p.7 (TE183.U5) ""Price Trends for Federal Aid Highway Construction, Fourth Quarter 1993",,,,,,,,,,,,,,,,
"Average Price of Reinforcing Steel (Contract Price per lb) p.7 (TE183.U5) ""Price Trends for Federal Aid Highway Construction, Fourth Quarter 1993",,,,,,,,,,,,,,,,
"Average Price of Structural Concrete (Contract Price per cu yd) p.7 (TE183.U5) ""Price Trends for Federal Aid Highway Construction, Fourth Quarter 1993",,,,,,,,,,,,,,,,
"Govt Salaries from BLS:.  State and industry average annual pay for 1993 and 1994, press release Tuesday Sept. 19, 1995",,,,,,,,,,,,,,,,
Technical information:  (202) 606-6567         USDL 95-376,,,,,,,,,,,,,,,,
