,CAPURBINT,CAPURBLOC,CAPURBTOT,MNTURBINT,MNTURBLOC,MNTURBTOT,CAPRURINT,CAPRURLOC,CAPRURTOT,MNTRURINT,MNTRURLOC,MNTRURTOT,CAPTOTINT,CAPTOTLOC,CAPTOTTOT,MNTTOTINT,MNTTOTLOC,MNTTOTTOT,MILRURINT,MILRURLOC,MILRURTOT,MILURBINT,MILURBFWY,MILURBLOC,MILURBTOT,URBMIL+4,URBMIL-4,RURMIL+4,RURMIL-4,RURPASSVEH,RURTRUSING,RURTRUCOM,URBPASSVEH,URBTRUSING,URBTRUCOMB,ALASKA,NEWYORK,CALIFORNIA,SOUTHEAST,MIDWEST,NORTHEAST,VMTRURINT,VMTRURLOC,VMTRURTOT,VMTURBINT,VMTURBFWY,VMTURBLOC,VMTURBTOT,CSTADMHWY,CLOCADMRD,CFEDROAD,CTOTAL,MSTADMHWY,MLOCADMRD,MREDROAD,MTOTAL,ADM_MISC,LAW_SAFETY,INTEREST,BONDRETIRE,TOTALDISB
Alabama,125348,77005,202353,7008,87510,94518,29484,238395,267879,7412,55938,63350,154832,315400,470232,14420,143448,157868,602,=+V2-T2,72828,297,21,=+Z2-W2-X2,92209,43,254,0,602,56,16.9,=100-AE2-AF2,72.7,14.3,=100-AH2-AI2,0,0,0,1,0,0,4442,18361,22803,4208,326,18425,22959,372518,42839,974,416331,134450,299897,14,434361,72558,57359,11128,20436,1012173
Alaska,35459,71217,106676,1369,19907,21276,50659,84665,135324,3744,8380,12124,86118,155882,242000,5113,28287,33400,1003,=+V3-T3,12107,54,0,=+Z3-W3-X3,13849,10,44,0,1003,57.9,39.7,=100-AE3-AF3,85.1,14.2,=100-AH3-AI3,1,0,0,0,0,0,677,1328,2005,450,0,1386,1836,213000,60888,4942,278830,121900,34166,831,156897,30088,40116,13411,21623,540965
Arizona,48078,229257,277335,=#REF!,=#REF!,=#REF!,66574,136890,203464,NA,=#REF!,NA,114652,366147,480799,NA,=#REF!,68839,987,=+V4-T4,39423,202,70,=+Z4-W4-X4,55763,54,148,0,987,57.7,26,=100-AE4-AF4,58.7,33.2,=100-AH4-AI4,0,0,0,0,0,0,5110,8678,13788,3003,1344,16912,21259,488274,205236,19046,712556,68907,84516,10641,164064,70527,78446,154305,359239,1539137
Arkansas,6623,132474,139097,1387,24221,25608,26357,196878,223235,7154,60650,67804,32980,329352,362332,8541,84871,93412,412,=+V5-T5,69597,131,94,=+Z5-W5-X5,77192,45,86,3,409,56.5,13.4,=100-AE5-AF5,68.8,14.8,=100-AH5-AI5,0,0,0,1,0,0,3140,11908,15048,1758,717,5558,8033,325826,72239,868,398933,113232,130379,310,243921,42524,45163,661,449,731651
California,513828,881208,1395036,51921,80647,132568,61578,678709,740287,44901,164991,209892,575406,1559917,2135323,96822,245638,342460,1356,=+V6-T6,88140,1067,1393,=+Z6-W6-X6,169201,940,127,286,1070,69.3,17.2,=100-AE6-AF6,86.2,110,=100-AH6-AI6,0,0,1,0,0,0,14322,37875,52197,52566,42332,115453,210351,2089004,1700434,15983,3805421,511977,1474922,1685,1988584,1046908,1182559,58263,35336,8117071
Colorado,92615,88050,180665,7308,36948,44256,80658,79953,160611,18067,62885,80952,173273,168003,341276,25375,99833,125208,768,=+V7-T7,65818,186,216,=+Z7-W7-X7,78721,62,124,21,747,79.3,5.3,=100-AE7-AF7,92.7,3.9,=100-AH7-AI7,0,0,0,0,0,0,3661,8913,12574,3793,2406,12035,18234,386491,179430,3453,569374,128060,236345,921,365326,52531,96886,43258,63757,1191132
Connecticut,183530,329367,512897,3246,26674,29920,30305,44920,75225,1366,18028,19394,213835,374287,588122,4612,44702,49314,101,=+V8-T8,8814,242,197,=+Z8-W8-X8,20357,168,74,22,79,79.5,13.1,=100-AE8-AF8,83.2,12,=100-AH8-AI8,0,0,0,0,0,1,1357,4711,6068,6758,2623,11010,20391,691154,70521,0,761675,60753,156338,0,217091,75613,17130,168579,206380,1446468
Delaware,22297,87042,109339,3083,25363,28446,0,96196,96196,0,673,673,22297,183238,205535,3083,26036,29119,0,=+V9-T9,3675,41,9,=+Z9-W9-X9,5544,30,11,0,0,100,0,0,63.5,25.2,=100-AH9-AI9,0,0,0,1,0,0,0,2685,2685,989,38,3180,4207,193959,3375,14559,211893,55562,8148,0,63710,50696,36496,46059,26331,435185
Dist.  of  Col.,21573,86621,108194,1848,26106,27954,0,0,0,0,0,0,21573,86621,108194,1848,26106,27954,0,=+V10-T10,0,14,19,=+Z10-W10-X10,1107,10,4,0,0,100,0,0,97.1,2.6,=100-AH10-AI10,0,0,0,1,0,0,0,0,0,469,393,2700,3562,0,101042,5176,106218,0,28524,12,28536,19715,0,73135,46061,273665
Florida,225241,864268,1089509,3581,111397,114978,94234,501226,595460,8772,73647,82419,319475,1365494,1684969,12353,185044,197397,1019,=+V11-T11,63630,424,284,=+Z11-W11-X11,112808,205,219,100,919,74.8,11.9,=100-AE11-AF11,82.3,11.7,=100-AH11-AI11,0,0,0,1,0,0,10183,24818,35001,12034,4319,68514,84867,1440203,681642,682,2122527,282812,366381,312,649505,428351,271756,232516,153681,3858336
Georgia,169131,255256,424387,6644,44293,50937,56115,257194,313309,6110,106470,112580,225246,512450,737696,12754,150763,163517,809,=+V12-T12,84605,434,167,=+Z12-W12-X12,110879,271,163,115,694,61.1,19.3,=100-AE12-AF12,66.7,24.9,=100-AH12-AI12,0,0,0,1,0,0,8419,23753,32172,11889,1646,32197,45732,699149,174244,724,874117,185909,260614,15,446538,113627,127181,46645,300966,1909074
Hawaii,191402,39912,231314,1960,4246,6206,20447,51985,72432,700,8175,8875,211849,91897,303746,2660,12421,15081,0,=+V13-T13,2307,44,53,=+Z13-W13-X13,4106,38,6,0,0,100,0,0,79.3,20.1,=100-AH13-AI13,0,0,0,0,0,0,0,2148,2148,1533,804,3581,5918,316797,23410,263,340470,19793,50294,0,70087,38613,16365,18968,22637,507140
Idaho,762,7891,8653,346,824,1170,41236,75044,116280,2307,17980,20287,41998,82935,124933,2653,18804,21457,532,=+V14-T14,55419,79,0,=+Z14-W14-X14,58835,2,77,0,532,47.8,31.5,=100-AE14-AF14,61,31.3,=100-AH14-AI14,0,0,0,0,0,0,1667,5540,7207,741,0,2816,3557,111528,42830,6609,160967,49296,84059,1212,134567,43930,14397,341,545,354747
Illinois,365359,334974,700333,36813,124266,161079,212843,556580,769423,21476,74427,95903,578202,891554,1469756,58289,198693,256982,1421,=+V15-T15,101784,630,80,=+Z15-W15-X15,136965,311,319,28,1393,64.7,12.8,=100-AE15-AF15,78.1,14.9,=100-AH15-AI15,0,0,0,0,1,0,8428,19826,28254,14447,1047,43894,59388,1443338,507931,56,1951325,291073,701587,490,993150,260011,126439,129070,115485,3575480
Indiana,92677,234936,327613,8989,26980,35969,130626,177392,308018,38619,114821,153440,223303,412328,635631,47608,141801,189409,825,=+V16-T16,73112,313,135,=+Z16-W16-X16,92374,127,186,37,788,59.2,16.3,=100-AE16-AF16,68.7,16.8,=100-AH16-AI16,0,0,0,0,1,0,6646,22606,29252,5537,774,21509,27820,567006,218588,0,785594,201342,214625,510,416477,195916,41838,52231,12687,1504743
Iowa,43819,76501,120320,3325,5805,9130,72276,220044,292320,12509,37006,49515,116095,296545,412640,15834,42811,58645,636,=+V17-T17,103490,147,0,=+Z17-W17-X17,112708,45,102,30,606,68.5,3.3,=100-AE17-AF17,81.8,2.9,=100-AH17-AI17,0,0,0,0,1,0,3406,11958,15364,1554,0,7008,8562,400691,225814,9,626514,100801,317012,25,417838,95273,66895,23439,53258,1283217
Kansas,42397,72203,114600,14987,16041,31028,34629,284369,318998,17531,41016,58547,77026,356572,433598,32518,57057,89575,698,=+V18-T18,123676,173,128,=+Z18-W18-X18,133256,73,100,0,698,62.8,18,=100-AE18-AF18,69.1,25.5,=100-AH18-AI18,0,0,0,0,1,0,2573,10317,12890,2233,905,8135,11273,352267,112971,2,465240,81227,195447,490,277164,183109,275074,44942,142628,1388157
Kentucky,=#REF!,=#REF!,=#REF!,=#REF!,=#REF!,=#REF!,"""NA",=#REF!,NA,NA,=#REF!,NA,"""NA",=#REF!,NA,NA,=#REF!,NA,540,=+V19-T19,62493,221,93,=+Z19-W19-X19,72632,85,136,27,513,55.1,23.9,=100-AE19-AF19,68,25.4,=100-AH19-AI19,0,0,0,1,0,0,4737,16656,21393,4384,559,11726,16669,683377,157425,2502,843304,152045,111117,41,263203,88047,109820,103564,143452,1551390
Louisiana,94588,238373,332961,2688,7909,10597,56281,209593,265874,1136,59761,60897,150869,447966,598835,3824,67670,71494,608,=+V20-T20,45833,263,45,=+Z20-W20-X20,59599,87,176,7,601,57,27.1,=100-AE20-AF20,63.8,25,=100-AH20-AI20,0,0,0,1,0,0,4197,12860,17057,3847,488,12463,16798,650766,154691,104,805561,59191,194618,210,254019,85661,116970,107470,107504,1477185
Maine,4420,50380,54800,363,7371,7734,22864,60801,83665,18472,50372,68844,27284,111181,138465,18835,57743,76578,312,=+V21-T21,19927,54,17,=+Z21-W21-X21,22510,1,53,13,299,62.5,26.1,=100-AE21-AF21,74.7,22,=100-AH21-AI21,0,0,0,0,0,1,1725,7239,8964,480,95,2612,3187,143850,15420,446,159716,114900,98260,153,213313,17086,42300,12015,15933,460363
Maryland,79085,154176,233261,6980,84597,91577,113671,124701,238372,6588,2582,9170,192756,278877,471633,13568,87179,100747,227,=+V22-T22,15642,255,224,=+Z22-W22-X22,29313,187,68,123,104,63.7,17.2,=100-AE22-AF22,65.3,33.5,=100-AH22-AI22,0,0,0,1,0,0,2913,9889,12802,9086,3406,16602,29094,511583,232055,14907,758545,149131,200106,0,349237,108364,161614,81688,330508,1789956
Massachusetts,=#REF!,=#REF!,=#REF!,=#REF!,=#REF!,=#REF!,NA,=#REF!,NA,NA,=#REF!,NA,NA,=#REF!,NA,NA,=#REF!,NA,162,=+V23-T23,10927,403,199,=+Z23-W23-X23,30563,323,80,59,103,74.8,15.5,=100-AE23-AF23,85.4,11,=100-AH23-AI23,0,0,0,0,0,1,2176,6615,8791,10733,4490,23334,38557,871763,141997,40,1013800,146150,244043,0,390193,214814,177051,174108,245634,2215600
Michigan,261891,64799,326690,44295,9639,53934,71861,162943,234804,13758,26571,40329,333752,227742,561494,58053,36210,94263,741,=+V24-T24,89485,499,221,=+Z24-W24-X24,117659,301,198,92,649,72.2,18.6,=100-AE24-AF24,72.7,19.5,=100-AH24-AI24,0,0,0,0,1,0,5614,25620,31234,12601,3965,36419,52985,546839,276700,31,823570,138763,642977,300,782040,205891,201637,35674,44873,2093685
Minnesota,75321,372047,447368,6115,34480,40595,14920,145839,160759,5342,51908,57250,90241,517886,608127,11457,86388,97845,681,=+V25-T25,115073,233,130,=+Z25-W25-X25,129959,106,127,20,661,86.4,2.7,=100-AE25-AF25,93.1,2.5,=100-AH25-AI25,0,0,0,0,1,0,3201,16769,19970,5320,2216,13656,21192,587390,689936,163,1277489,144894,395181,1508,541583,146484,180927,56605,127591,2330679
Mississippi,29423,91401,120824,770,2241,3011,33549,279203,312752,3231,31588,34819,62972,370604,433576,4001,33829,37830,558,=+V26-T26,64930,127,40,=+Z26-W26-X26,72834,0,127,0,558,63.9,17.2,=100-AE26-AF26,68.1,16.3,=100-AH26-AI26,0,0,0,1,0,0,2951,14570,17521,1383,185,7150,8718,332638,119737,3341,455716,54704,188186,591,243481,33114,64869,31566,57622,886368
Missouri,77983,107018,185001,22339,13394,35733,60904,254227,315131,16829,103110,119939,138887,361245,500132,39168,116504,155672,812,=+V27-T27,105637,366,276,=+Z27-W27-X27,121787,210,156,5,807,63.7,12,=100-AE27-AF27,80.2,14.6,=100-AH27-AI27,0,0,0,0,1,0,5504,19464,24968,8497,2326,17463,28286,464531,199354,1342,665227,210439,222712,8,433159,177283,124228,11715,19421,1431033
Montana ,4706,35328,40034,485,2123,2608,33598,116717,150315,3520,12273,15793,38304,152045,190349,4005,14396,18401,1137,=+V28-T28,67388,53,0,=+Z28-W28-X28,69768,0,53,0,1137,53.1,31.6,=100-AE28-AF28,67.5,22.9,=100-AH28-AI28,0,0,0,0,0,0,1928,4574,6502,184,0,1839,2023,191070,57652,9217,257939,42087,21356,4178,67621,16843,19424,13958,1723,377508
Nebraska,25688,33785,59473,469,7711,8180,35102,177951,213053,3277,25251,28528,60790,211736,272526,3746,32962,36708,437,=+V29-T29,87648,44,11,=+Z29-W29-X29,92702,11,33,0,437,50.3,23.6,=100-AE29-AF29,68.8,25.5,=100-AH29-AI29,0,0,0,0,1,0,1994,6966,8960,734,93,4834,5661,244117,192494,34598,471209,51993,126578,444,179015,43639,42934,15349,27120,779266
Nevada,=#REF!,=#REF!,=#REF!,=#REF!,=#REF!,=#REF!,NA,=#REF!,NA,NA,=#REF!,NA,NA,=#REF!,NA,NA,=#REF!,NA,480,=+V30-T30,41181,65,32,=+Z30-W30-X30,45778,20,45,0,480,69.5,4.3,=100-AE30-AF30,91.1,3.2,=100-AH30-AI30,0,0,0,0,0,0,1522,2957,4479,1147,579,4692,6418,168487,10557,2640,181684,58785,14637,1048,74470,23360,24049,12962,16786,333311
New  Hampshire,12430,58654,71084,555,9422,9977,39037,61431,100468,3699,44484,48183,51467,120085,171552,4254,53906,58160,176,=+V31-T31,12069,48,40,=+Z31-W31-X31,14938,13,35,21,155,74.5,21.8,=100-AE31-AF31,69.3,27,=100-AH31-AI31,0,0,0,0,0,1,1330,5025,6355,712,448,2552,3712,86815,37694,0,124509,98469,66752,106,165327,96270,46005,21722,4533,458366
New  Jersey,498494,436924,935418,38105,129416,167521,10398,95880,106278,4801,25387,30188,508892,532804,1041696,42906,154803,197709,113,=+V32-T32,11068,300,306,=+Z32-W32-X32,35097,246,54,56,57,72.5,16.3,=100-AE32-AF32,74.4,17.7,=100-AH32-AI32,0,0,0,0,0,1,2124,9726,11850,8110,5734,33716,47560,1250419,100871,0,1351290,358862,342765,0,701627,381121,254093,238792,220850,3147773
New  Mexico,27850,49279,77129,=#REF!,=#REF!,=#REF!,63130,176558,239688,NA,=#REF!,NA,90980,225837,316817,NA,=#REF!,52572,907,=+V33-T33,54961,91,3,=+Z33-W33-X33,60812,26,65,10,897,63.6,15.3,=100-AE33-AF33,66,14.7,=100-AH33-AI33,0,0,0,0,0,0,3659,7989,11648,1202,2,5600,6804,245616,38902,6033,290551,63812,38326,5674,107812,65312,26275,2532,2014,494496
New  York,659716,1156753,1816469,6566,139131,145697,308954,79800,388754,104087,37561,141648,968670,1236553,2205223,110653,176692,287345,797,=+V34-T34,72589,703,857,=+Z34-W34-X34,111882,385,318,52,745,69.5,16.3,=100-AE34-AF34,77.4,17.2,=100-AH34-AI34,0,1,0,0,0,1,5381,24961,30342,14475,14327,50737,79539,1172069,1220310,176,2392555,606776,1839465,200,2446441,616785,283252,586457,409463,6734953
North  Carolina,64284,356506,420790,2913,285614,288527,95113,304887,400000,8739,86962,95701,159397,661393,820790,11652,372576,384228,633,=+V35-T35,74305,337,260,=+Z35-W35-X35,96028,87,250,18,615,70.9,7.1,=100-AE35-AF35,74.5,14.3,=100-AH35-AI35,0,0,0,1,0,0,6237,27529,33766,6050,2464,25258,33772,772594,127328,10329,910251,362139,86571,1044,449754,127094,203642,28870,17703,1737314
North  Dakota,12595,38445,51040,244,1285,1529,19318,52728,72046,3279,25233,28512,31913,91173,123086,3523,26518,30041,531,=+V36-T36,84909,40,0,=+Z36-W36-X36,86727,3,37,0,531,64.6,21.1,=100-AE36-AF36,73.3,19.6,=100-AH36-AI36,0,0,0,0,0,0,1012,3485,4497,188,0,1387,1575,93070,45587,15,138672,34178,50244,2185,86607,20627,15228,6931,13499,281564
Ohio,221034,317734,538768,18514,67884,86398,87218,196244,283462,27324,285261,312585,308252,513978,822230,45838,353145,398983,847,=+V37-T37,82255,726,381,=+Z37-W37-X37,113823,212,514,15,832,67.2,12.6,=100-AE37-AF37,79.7,12.2,=100-AH37-AI37,0,0,0,0,1,0,8276,29153,37429,15929,3608,38255,57792,679950,401989,211,1082150,460687,504058,23,964768,335689,213155,51708,109564,2757034
Oklahoma,49705,155221,204926,2411,5119,7530,13592,114963,128555,3148,74386,77534,63297,270184,333481,5559,79505,85064,715,=+V38-T38,99673,214,136,=+Z38-W38-X38,112467,72,142,0,715,=+AE18,=+AF18,=+AG18,=+AH18,=+AI18,=+AJ18,0,0,0,0,0,0,3705,13662,17367,3365,1831,12556,17752,320609,113422,4000,438031,88492,117914,17,206423,191811,41384,56248,85638,1019535
Oregon,20270,141847,162117,9788,49226,59014,36947,118079,155026,18564,59139,77703,57217,259926,317143,28352,108365,136717,581,=+V39-T39,86008,146,53,=+Z39-W39-X39,96036,58,88,21,560,54.3,29.5,=100-AE39-AF39,65.5,28.9,=100-AH39-AI39,0,0,0,0,0,0,3812,11724,15536,2966,971,8453,12390,335881,201205,10798,547884,120773,168155,7523,296451,64501,73433,14067,24162,1020498
Pennsylvania,315428,409182,724610,12640,342892,355532,295404,265133,560537,43941,124571,168512,610832,674315,1285147,56581,467463,524044,1079,=+V40-T40,84422,509,485,=+Z40-W40-X40,117038,111,398,18,1061,60.5,16.5,=100-AE40-AF40,73.8,16.2,=100-AH40-AI40,0,0,0,0,0,1,7381,29968,37349,8839,4656,38356,51851,1223271,125258,268,1348797,764351,744656,85,1509092,152494,443935,190151,225189,3869658
Rhode  Island,24216,172300,196516,4785,16366,21151,4734,20313,25047,2051,4680,6731,28950,192613,221563,6836,21046,27882,21,=+V41-T41,1334,49,68,=+Z41-W41-X41,6057,33,16,0,21,74.8,16.9,=100-AE41-AF41,79.9,14,=100-AH41-AI41,0,0,0,0,0,1,278,851,1129,1407,601,4422,6430,136323,4040,0,140363,23710,17136,6,40852,9798,28023,14684,19770,253490
South  Carolina,32565,150992,183557,85,111198,111283,25330,198089,223419,0,15895,15895,57895,349081,406976,85,127093,127178,668,=+V42-T42,53637,142,70,=+Z42-W42-X42,64158,51,91,16,652,70.6,10.6,=100-AE42-AF42,76.6,12.1,=100-AH42-AI42,0,0,0,1,0,0,5945,15168,21113,2427,589,10920,13936,332967,31128,28,364123,156266,43893,40,200199,52696,86404,917,824,705163
South  Dakota,8696,46384,55080,648,1537,2185,22248,111723,133971,5088,24580,29668,30944,158107,189051,5736,26117,31853,631,=+V43-T43,81445,47,3,=+Z43-W43-X43,83305,0,47,0,631,72.9,16.4,=100-AE43-AF43,80.6,16.9,=100-AH43-AI43,0,0,0,0,0,0,1354,4324,5678,229,17,1294,1540,159816,68946,1516,230278,33371,68300,3757,105428,21403,30636,843,1813,390401
Tennessee,79292,109327,188619,18005,27009,45014,37419,343240,380659,27008,108025,135033,116711,452567,569278,45013,135034,180047,740,=+V44-T44,68516,322,114,=+Z44-W44-X44,85037,141,181,25,715,65,13.9,=100-AE44-AF44,69.9,20.5,=100-AH44-AI44,0,0,0,1,0,0,6603,15998,22601,6473,871,20049,27393,613158,106790,5777,725725,192392,225319,70,417781,84136,59239,6057,16894,1309832
Texas,299955,715039,1014994,34146,107606,141752,156428,807390,963818,162540,355502,518042,456383,1522429,1978812,196686,463108,659794,2203,=+V45-T45,215010,1031,1212,=+Z45-W45-X45,294142,555,476,45,2158,60.5,20.4,=100-AE45-AF45,73.2,19.8,=100-AH45-AI45,0,0,0,1,0,0,12612,44556,57168,23998,15234,66929,106161,1701015,578592,3282,2282889,564131,898897,67,1463095,473048,804375,351868,246617,5621892
Utah,47041,69962,117003,13300,11140,24440,36446,77545,113991,12500,20560,33060,83487,147507,230994,25800,31700,57500,769,=+V46-T46,34402,168,9,=+Z46-W46-X46,40508,111,57,17,752,60.6,21.6,=100-AE46-AF46,73.6,20.7,=100-AH46-AI46,0,0,0,0,0,0,2309,3633,5942,3321,90,6954,10365,182428,68600,5782,256810,59893,72110,1471,133474,40831,33745,0,0,464860
Vermont,1240,46248,47488,195,743,938,13511,48863,62374,1432,7378,8810,14751,95111,109862,1627,8121,9748,280,=+V47-T47,12842,40,20,=+Z47-W47-X47,14166,0,40,0,280,80.1,14.8,=100-AE47-AF47,79.7,16,=100-AH47-AI47,0,0,0,0,0,1,1011,3304,4315,284,51,1369,1704,87148,36942,0,124090,36024,54112,15,90151,15067,21072,2015,5990,258385
Virginia,60013,336862,396875,34331,171618,205949,46316,182575,228891,66071,157167,223238,106329,519437,625766,100402,328785,429187,788,=+V48-T48,52848,318,194,=+Z48-W48-X48,68429,138,180,118,670,68.8,16.6,=100-AE48-AF48,78.1,16.6,=100-AH48-AI48,0,0,0,1,0,0,7511,22259,29770,8174,2263,23240,33677,649972,202473,8895,861340,468402,187345,30,655777,143235,168008,99058,190483,2117901
Washington,222494,192792,415286,9553,21089,30642,26177,234796,260973,7031,26629,33660,248671,427588,676259,16584,47718,64302,501,=+V49-T49,62210,262,302,=+Z49-W49-X49,79428,158,104,96,405,64.9,24.6,=100-AE49-AF49,70,25.6,=100-AH49-AI49,0,0,0,0,0,0,3563,13129,16692,8350,3841,20503,32694,501683,332102,3923,837708,193795,267382,2431,463608,239299,173064,72751,95899,1882329
West  Virginia,18925,120989,139914,5204,59219,64423,37245,290280,327525,15215,65377,80592,56170,411269,467439,20419,124596,145015,456,=+V50-T50,31908,94,9,=+Z50-W50-X50,35045,9,85,23,433,70.1,12.9,=100-AE50-AF50,72.9,15,=100-AH50-AI50,0,0,0,1,0,0,2979,8853,11832,1169,414,3063,4646,356770,13858,134,370762,161301,48540,41,209882,31528,38247,29209,41355,720983
Wisconsin,26875,205270,232145,1390,9528,10918,36422,381434,417856,4988,57700,62688,63297,586704,650001,6378,67228,73606,495,=+V51-T51,95387,143,178,=+Z51-W51-X51,110978,56,87,50,445,77,9.7,=100-AE51-AF51,76.5,14.2,=100-AH51-AI51,0,0,0,0,1,0,4236,20781,25017,2988,2216,17407,22611,626822,384652,1,1011475,116788,423045,1569,541402,128447,261228,72021,135877,2150450
Wyoming,2778,22867,25645,791,1731,2522,39675,93466,133141,5815,21789,27604,42453,116333,158786,6606,23520,30126,827,=+V52-T52,35256,87,3,=+Z52-W52-X52,37642,0,87,0,827,41.2,24.4,=100-AE52-AF52,55.1,34.7,=100-AH52-AI52,0,0,0,0,0,0,1746,2858,4604,261,8,1344,1613,127015,34114,12506,173635,52018,34989,900,87907,24522,23896,187,1159,311306
Undistributed,0,0,0,0,0,0,,,,,,,,,,,,,,,,,,,,,,,,,,,,,,,,,,,,,,,,,,,0,0,3527,3527,0,0,20587,20587,422413,0,0,0,446527
Total,5539140,=#REF!,15864206,452488,=#REF!,2973365,2901833,=#REF!,12369665,790142,=#REF!,3626911,8440973,=#REF!,28233871,1242630,=#REF!,6600276,=SUM(T2:T52),=SUM(U2:U52),=SUM(V2:V52),=SUM(W2:W52),=SUM(X2:X52),=SUM(Y2:Y52),=SUM(Z2:Z52),6230,6648,1589,31033,=AVERAGE(AE2:AE52),=AVERAGE(AF2:AF52),=AVERAGE(AG2:AG52),=AVERAGE(AH2:AH52),=AVERAGE(AI2:AI52),=AVERAGE(AJ2:AJ52),,,,,,,=SUM(AQ2:AQ52),=SUM(AR2:AR52),=SUM(AS2:AS52),=SUM(AT2:AT52),=SUM(AU2:AU52),=SUM(AV2:AV52),=SUM(AW2:AW52),27143027,10946255,219878,38309160,8746806,13402999,73790,22223595,7718703,7088262,3620713,4588962,83549395
